hex_id,composite_index,strip,lat,lng,dist_canal_km,dist_port_km,poi_density,road_density,gdp
8741508d0ffffff,0.792,非条带,21.682496,108.647464,5.43,5.28,5.3234,0.9714,370.38
8741500a5ffffff,0.6087,非条带,21.977683,108.613988,2.94,30.78,2.7612,3.526,345.94
874150188ffffff,0.5517,凹槽条带-市区段/水东街道,21.943108,108.646904,1.68,27.35,2.393,2.8769,370.38
874150129ffffff,0.4735,非条带,21.734408,108.598129,2.62,3.82,2.9371,0.5454,370.38
87415012effffff,0.3948,非条带,21.742374,108.645513,6.01,6.65,1.6531,1.7583,370.38
8741508d6ffffff,0.3907,凹槽条带-港区段/钦州港经开区,21.686479,108.671146,7.51,7.51,2.5707,0.0,370.38
874150121ffffff,0.3835,非条带,21.725071,108.661954,6.55,6.99,1.2857,2.2727,370.38
87415018affffff,0.3794,凹槽条带-市区段/水东街道,21.964351,108.654155,1.33,29.8,1.2889,2.7693,345.94
8741501aaffffff,0.3762,非条带,21.908526,108.679804,5.82,24.52,2.0248,0.8873,370.38
874150011ffffff,0.3729,非条带,21.948508,108.559307,5.46,27.84,0.7356,3.2445,370.38
8741500a4ffffff,0.3661,凹槽条带-市区段/子材街道,21.981638,108.637699,1.16,31.43,1.2889,2.5756,345.94
87415018bffffff,0.361,凹槽条带-市区段/向阳街道,21.960397,108.630448,0.69,29.0,0.7363,3.0679,370.38
874150189ffffff,0.3585,凹槽条带-市区段/水东街道,21.93915,108.623198,0.11,26.59,0.9201,2.6729,370.38
8741508d4ffffff,0.3561,凹槽条带-港区段/保税港区,21.665188,108.663902,7.9,7.66,2.0192,0.5032,370.38
874150199ffffff,0.3417,非条带,21.985589,108.661407,1.01,32.25,0.7367,3.2398,345.94
874150183ffffff,0.3345,非条带,21.951012,108.694306,5.59,29.45,0.9209,2.3402,370.38
874150105ffffff,0.3309,非条带,21.763654,108.652759,8.23,8.91,1.2861,1.4859,370.38
87415012bffffff,0.2958,非条带,21.755694,108.605373,4.62,6.19,0.7345,1.9643,370.38
8741508d2ffffff,0.2881,凹槽条带-港区段/钦州港经开区,21.703786,108.654709,5.48,5.68,1.2853,0.8046,370.38
87415058bffffff,0.2834,非条带,22.284592,108.897952,3.31,71.67,0.9264,1.5186,383.9
