hex_id,composite_index,strip,poi_name,type,typecode,address,lng_wgs84,lat_wgs84,dist_canal_km
87415058bffffff,0.2834,非条带,广西宇航塑料制品有限公司,公司企业;公司;公司,170200,陆屋镇临港产业园机电小镇28号厂房,108.88683893504208,22.286952908038003,4.27
87415058bffffff,0.2834,非条带,亿方集团,公司企业;公司;公司,170200,国营新光农场新光农场临港工业园,108.8993277136014,22.293274251527432,4.0
87415058bffffff,0.2834,非条带,灵山县锦成木业有限公司,公司企业;公司;公司,170200,临港产业园23号厂房,108.88561983556802,22.288917821031774,4.51
87415058bffffff,0.2834,非条带,机电小镇,商务住宅;产业园区;产业园区|商务住宅;住宅区;住宅小区,120100|120302,[],108.8856569187958,22.2872834047854,4.38
8741508d2ffffff,0.2881,凹槽条带-港区段/钦州港经开区,新动力综合物流园(内含仓储·大型停车场),商务住宅;产业园区;产业园区,120100,八大街1号,108.65805394492592,21.71064060396577,5.84
8741508d2ffffff,0.2881,凹槽条带-港区段/钦州港经开区,三桂物流园,商务住宅;产业园区;产业园区,120100,友谊大道东30米,108.64754115079934,21.700991918725887,4.77
8741508d2ffffff,0.2881,凹槽条带-港区段/钦州港经开区,钦州汽车工业产业园,商务住宅;产业园区;产业园区,120100,汽车工业产业园,108.64837913696825,21.70477992488509,4.82
8741508d2ffffff,0.2881,凹槽条带-港区段/钦州港经开区,广西中石油国际事业有限公司,公司企业;公司;冶金化工,170205,保税港区企业职工配套生活区东侧220米,108.65584296620162,21.692098528320077,5.82
8741508d2ffffff,0.2881,凹槽条带-港区段/钦州港经开区,钦州港大榄坪作业区,公司企业;公司企业;公司企业,170000,新通道联运中心西南侧60米,108.64574190425594,21.70364206118784,4.55
8741508d2ffffff,0.2881,凹槽条带-港区段/钦州港经开区,马来西亚闵和粮油产业基地项目经理部,公司企业;公司;公司,170200,八大街1号,108.644570335289,21.704925558153565,4.43
8741508d2ffffff,0.2881,凹槽条带-港区段/钦州港经开区,荣泰仓库,公司企业;公司;公司,170200,废旧回收西侧50米,108.6596102966609,21.711019830409963,6.0
87415012bffffff,0.2958,非条带,石化产业园末站,商务住宅;产业园区;产业园区,120100,龙泾大道与益民街交叉口南200米,108.59399913200924,21.756550783455157,3.61
87415012bffffff,0.2958,非条带,广西自贸区川桂临港新能源有限公司30万吨/年生物质液体燃料项目,公司企业;公司;公司,170200,钦州港经济技术开发区南港沟村,108.61532646023736,21.76034894982351,5.77
874150105ffffff,0.3309,非条带,中马红树林小区产业园,商务住宅;产业园区;产业园区,120100,中马南三街与友谊大道交叉口西北180米,108.66120398522108,21.763488412211117,8.8
874150105ffffff,0.3309,非条带,川桂国际产能合作产业园1期,商务住宅;产业园区;产业园区,120100,中马南四街与友谊大道交叉口西北140米,108.66100460878071,21.76033744627491,8.54
874150105ffffff,0.3309,非条带,川桂国际产能合作产业园A5栋,商务住宅;产业园区;产业园区,120100,中马南四街与友谊大道交叉口西北140米,108.66100460878071,21.76033744627491,8.54
874150105ffffff,0.3309,非条带,川桂国际产能合作产业园,商务住宅;产业园区;产业园区,120100,中马南四街与友谊大道交叉口西北约220米,108.66029026123924,21.760848013959,8.53
874150105ffffff,0.3309,非条带,广西自贸区川桂临港新能源有限公司,公司企业;公司;公司,170200,中马南四街6号川桂合作产业园区A3-1座3楼,108.6617258617855,21.761345509075653,8.67
874150105ffffff,0.3309,非条带,中马产业孔雀湾,商务住宅;产业园区;产业园区,120100,丹桂路与中马南三街交叉口东北280米,108.66050551357364,21.76579071846192,8.94
874150183ffffff,0.3345,非条带,宝星科技产业园,商务住宅;产业园区;产业园区,120100,[],108.69796094337052,21.93865225892425,6.68
874150183ffffff,0.3345,非条带,广西穗兴牧业有限公司仓储,公司企业;公司;公司,170200,南珠东大街559号,108.69945747946204,21.946903868935504,6.28
874150183ffffff,0.3345,非条带,河东工业园区黎合江工业园,商务住宅;产业园区;产业园区,120100,234县道东南30米,108.69811019131356,21.94755627487427,6.13
874150183ffffff,0.3345,非条带,钦州黎合江现代物流基地,生活服务;物流速递;物流速递,070500,325国道与钦灵公路交叉口西北480米,108.68413777966008,21.946670631348685,4.99
874150199ffffff,0.3417,非条带,广东乐尚林门业钦州仓,购物服务;家居建材市场;建材五金市场|公司企业;公司;公司,060603|170200,广东乐尚林门业广西壮族自治区钦州市北环东路辅路与蓬莱北大道交叉口东南160米,108.65864699684332,21.98638762128096,0.71
8741508d4ffffff,0.3561,凹槽条带-港区段/保税港区,东莞甲辰仓储物流有限公司钦州仓,生活服务;物流速递;物流速递,070500,八大街,108.6669420975085,21.667756479142827,8.0
8741508d4ffffff,0.3561,凹槽条带-港区段/保税港区,广西钦州保税港区创大仓储有限责任公司,公司企业;公司;公司,170200,中国(广西)自由贸易试验区钦州港片区保税港区东海路东面、港区九大街南面、港区十大街北面,108.663778389503,21.67213211620503,7.47
8741508d4ffffff,0.3561,凹槽条带-港区段/保税港区,广西星火国际物流园,生活服务;物流速递;物流仓储场地,070501,钦州保税港区创大仓储有限责任公司东北侧210米,108.66507923135558,21.67368420527303,7.5
8741508d4ffffff,0.3561,凹槽条带-港区段/保税港区,广西钦州保税港区双胞胎生物科技有限公司,公司企业;公司;公司,170200,中国(广西)自由贸易试验区钦州港片区钦州综合保税区十大街与三号路交汇处东面地块,108.67146603539892,21.673803042770345,8.07
8741508d4ffffff,0.3561,凹槽条带-港区段/保税港区,广西钦州保税港区侨益物流有限公司,生活服务;物流速递;物流速递,070500,港区三号路与港区十大街交汇处东侧BSA-34-01-1,108.66928230591722,21.672310666178426,7.95
8741508d4ffffff,0.3561,凹槽条带-港区段/保税港区,广西钦州保税港区桂吉冷链物流有限公司,生活服务;物流速递;物流速递,070500,保税港区(自贸区)九大街与二号路交汇处,108.65939668628572,21.67239251508375,7.06
8741508d4ffffff,0.3561,凹槽条带-港区段/保税港区,钦保产业园二仓,商务住宅;产业园区;产业园区|公司企业;公司;公司,120100|170200,[],108.66998767717598,21.6712849420296,8.07
8741508d4ffffff,0.3561,凹槽条带-港区段/保税港区,广西钦州港综合保税区诚峰仓储项目,公司企业;公司;公司,170200,八大街1号,108.66115862713062,21.67095166069685,7.3
8741508d4ffffff,0.3561,凹槽条带-港区段/保税港区,广西钦州保税港区金汇汽车供应链管理有限公司,公司企业;公司;公司,170200,保税港区九大街与三号路交叉口金汇物流园,108.66290732205708,21.67472072584488,7.24
874150189ffffff,0.3585,凹槽条带-市区段/水东街道,钦州智汇谷科技园,商务住宅;产业园区;产业园区,120100,安州大道与支一路交叉口西南80米,108.62558451636788,21.938133982042,0.14
874150189ffffff,0.3585,凹槽条带-市区段/水东街道,美的空调仓库,公司企业;公司;公司,170200,滨湖路与中央景观大道交叉口东南360米,108.63086005167273,21.93066657532888,0.74
87415018bffffff,0.361,凹槽条带-市区段/向阳街道,灵山芝麻饼钦州营运仓库,公司企业;公司;公司,170200,向阳街与蒌园南二巷交叉口西60米,108.624569693363,21.967071002955866,1.46
87415018bffffff,0.361,凹槽条带-市区段/向阳街道,赵屋村仓库,公司企业;公司企业;公司企业,170000,城东农校对面,108.63203870385966,21.95626415553369,0.37
8741500a4ffffff,0.3661,凹槽条带-市区段/子材街道,钦州百得建材有限公司钦州仓储中心,公司企业;公司;公司,170200,北环西路与新华路交叉口西200米,108.63358224293242,21.98998196967784,1.91
8741500a4ffffff,0.3661,凹槽条带-市区段/子材街道,坭桥物流市场,生活服务;物流速递;物流速递,070500,北环西路与金华路交汇处北行50米(钦州市疾控中心西对面),108.63488576091429,21.99110058916236,1.79
8741500a4ffffff,0.3661,凹槽条带-市区段/子材街道,唐唐喜庆仓库,生活服务;生活服务场所;生活服务场所|公司企业;公司;公司,070000|170200,丽桥街与北辰路交叉口北180米,108.6293597874146,21.989296515961595,2.33
8741500a4ffffff,0.3661,凹槽条带-市区段/子材街道,统一仓库,公司企业;公司;公司,170200,环宇街与新光路交叉口西北80米,108.63140663217106,21.98078970473047,1.64
8741500a4ffffff,0.3661,凹槽条带-市区段/子材街道,钦州移动综合物资仓库,公司企业;公司;公司,170200,丽桥街23号,108.63418927651084,21.986765565384644,1.78
874150011ffffff,0.3729,非条带,广西可兴仓储有限公司,公司企业;公司;公司,170200,宏进市场A1区1栋1号广西可兴仓储有限公司,108.557785066558,21.94811853173412,5.57
874150011ffffff,0.3729,非条带,康熙岭镇接二连三产业融合示范园,商务住宅;产业园区;产业园区,120100,金海湾西大街1222号,108.55911868020048,21.955960371191622,6.0
874150011ffffff,0.3729,非条带,康熙岭镇乡村振兴产业园,商务住宅;产业园区;产业园区,120100,南环路辅路与西环路交叉口北280米,108.56068977782373,21.959011201987984,6.12
8741501aaffffff,0.3762,非条带,众森科技产业园,商务住宅;产业园区;产业园区,120100,大田街6号,108.6832766190061,21.909343387655603,6.18
8741501aaffffff,0.3762,非条带,富源科技园,商务住宅;产业园区;产业园区,120100,高新科技产业园南环路北面,108.67688665085608,21.90724724056987,5.48
8741501aaffffff,0.3762,非条带,钦州高新区医药电子产业园标准厂房,公司企业;公司企业;公司企业,170000,347省道4800号,108.67920413067668,21.908570529328127,5.76
8741501aaffffff,0.3762,非条带,钦州市智能制造产业园,公司企业;公司企业;公司企业,170000,钦州市洁林塑料科技有限公司西北侧100米,108.6805076230385,21.917789499647807,6.06
8741501aaffffff,0.3762,非条带,高新区二期电子医药产业园,商务住宅;产业园区;产业园区,120100,双创大道与桥坪街交叉口西北340米,108.67466511281944,21.90317650065637,5.09
8741501aaffffff,0.3762,非条带,钦州市钦南区临港物流集中区,生活服务;物流速递;物流速递,070500,规划路与347省道交叉口西北40米,108.67344864472308,21.91039924656721,5.34
8741501aaffffff,0.3762,非条带,钦州高新技术开发区2期,商务住宅;产业园区;产业园区,120100,双创大道与桥坪街交叉口东北500米,108.6790995311308,21.90544723812981,5.61
8741501aaffffff,0.3762,非条带,顺丰速运(进港道店),生活服务;物流速递;物流速递,070500,沙埠镇桥坪村进港大道桥坪村段临港扶贫物流园内,108.67271935334408,21.910933888684188,5.3
87415018affffff,0.3794,凹槽条带-市区段/水东街道,宇欣科技园,商务住宅;产业园区;产业园区,120100,望州北路与马头庄街交叉口北120米,108.6629899445644,21.96282722113457,2.18
87415018affffff,0.3794,凹槽条带-市区段/水东街道,骏升科技产业园,商务住宅;产业园区;产业园区,120100,望州北路与马头庄街交叉口南100米,108.66305389510993,21.96076711811197,2.31
87415018affffff,0.3794,凹槽条带-市区段/水东街道,水东五里桥美食创业园,商务住宅;产业园区;产业园区,120100,富民路与坭兴街交叉口南140米,108.6491720049857,21.95760027788068,1.27
87415018affffff,0.3794,凹槽条带-市区段/水东街道,广西钦州保税港区撷利国际贸易有限公司,公司企业;公司;公司,170200,子材东大街与扬帆北大道交叉口东南200米,108.645579536155,21.96340930371776,0.66
87415018affffff,0.3794,凹槽条带-市区段/水东街道,广西航讯市域产教联合体基地,商务住宅;产业园区;产业园区,120100,望州北路98号旭日园,108.66452349760596,21.958998475543005,2.55
87415018affffff,0.3794,凹槽条带-市区段/水东街道,钦州华为数字小镇,商务住宅;产业园区;产业园区,120100,沙埠镇钦州高新技术产业开发区绿州北路,108.6657126577282,21.95926133073395,2.63
87415018affffff,0.3794,凹槽条带-市区段/水东街道,广西钦州高新技术产业开发区,商务住宅;产业园区;产业园区,120100,子材东大街与蓬莱北大道交叉口东160米,108.65757658303718,21.964293135966013,1.62
874150121ffffff,0.3835,非条带,威龙物流园,公司企业;公司企业;公司企业|生活服务;生活服务场所;生活服务场所,170000|070000,钦州港保税港友谊大道,108.65191646888306,21.72144221423597,5.44
874150121ffffff,0.3835,非条带,安东物流,生活服务;物流速递;物流速递,070500,威龙物流园北侧,108.65191646888306,21.72144221423597,5.44
874150121ffffff,0.3835,非条带,广西恒旭工程质量检测有限公司钦州港自贸区分公司,公司企业;公司;公司,170200,钦州保税港区钦州港开发区中学西南,108.65541934991307,21.72461608492011,5.89
874150121ffffff,0.3835,非条带,钦州港大榄坪自贸新城,商务住宅;产业园区;产业园区,120100,东安街与三号路交叉口北280米,108.66230316550704,21.727421299518586,6.67
874150121ffffff,0.3835,非条带,钦州港新陶庄大型瓷砖批发仓库,公司企业;公司;公司,170200,中马南四街9号,108.6558698197721,21.734720363851704,6.4
874150121ffffff,0.3835,非条带,保税港,商务住宅;产业园区;产业园区,120100,友谊大道与滨海公路交叉口西南280米,108.65142838895936,21.72504054498567,5.52
874150121ffffff,0.3835,非条带,钦州保税港区京东服务站,生活服务;物流速递;物流速递,070500,三号路与东安街交叉口西320米,108.65783777086224,21.72445852323419,6.12
8741508d6ffffff,0.3907,凹槽条带-港区段/钦州港经开区,广西钦州保税港区炬申国际物流有限公司(大宗商品物流园),生活服务;物流速递;物流速递,070500,钦州港保税港大街6号,108.68031234348643,21.690222500268533,8.33
8741508d6ffffff,0.3907,凹槽条带-港区段/钦州港经开区,众石物流园,生活服务;物流速递;物流仓储场地,070501,钦州保税港区双胞胎生物科技有限公司东侧230米,108.67355603146994,21.67455533904515,8.23
8741508d6ffffff,0.3907,凹槽条带-港区段/钦州港经开区,万福隆物流园,生活服务;物流速递;物流速递,070500,保税港区八大街东侧,108.67179827368392,21.69357382809911,7.39
8741508d6ffffff,0.3907,凹槽条带-港区段/钦州港经开区,港东储运物流园,生活服务;物流速递;物流仓储场地,070501,内贸路众石物流园南侧,108.6731000823978,21.67519944358763,8.16
8741508d6ffffff,0.3907,凹槽条带-港区段/钦州港经开区,广西八方物流园,生活服务;物流速递;物流速递,070500,陆海大道,108.67733091763084,21.678326596792,8.42
8741508d6ffffff,0.3907,凹槽条带-港区段/钦州港经开区,广源国际物流园,商务住宅;产业园区;产业园区,120100,八大街1号,108.6794891879674,21.69180363126022,8.21
8741508d6ffffff,0.3907,凹槽条带-港区段/钦州港经开区,北部湾(钦州)国际粮食加工产业园,商务住宅;产业园区;产业园区,120100,九大街与三号路交汇处东面,108.6687533707817,21.676268134938187,7.7
8741508d6ffffff,0.3907,凹槽条带-港区段/钦州港经开区,钦州综合保税区棉纺产业园,商务住宅;产业园区;产业园区,120100,[],108.66665721376884,21.67919823007332,7.37
8741508d6ffffff,0.3907,凹槽条带-港区段/钦州港经开区,钦州综合保税区,商务住宅;产业园区;产业园区,120100,[],108.67053602333182,21.678386512418268,7.77
8741508d6ffffff,0.3907,凹槽条带-港区段/钦州港经开区,广西钦州保税港区奇智纺织,公司企业;公司企业;公司企业,170000,综合保税区3号路棉纺产业园,108.6645502497172,21.678497993912284,7.2
87415012effffff,0.3948,非条带,钦州港金鼓新区,商务住宅;产业园区;产业园区,120100,拥军路与和谐大街交叉口南200米,108.6518433470683,21.747757137655075,6.9
87415012effffff,0.3948,非条带,中国(广西)自由贸易试验区钦州港片区钦州港自贸新城E期,商务住宅;产业园区;产业园区,120100,孔雀湾大道与孔雀大道交叉口东北40米,108.64798493856723,21.747005693962755,6.55
87415012effffff,0.3948,非条带,钦州港自贸区,商务住宅;产业园区;产业园区,120100,孔雀湾大道辅路与乐业大街交叉口北40米,108.64788515639349,21.747005868767943,6.54
87415012effffff,0.3948,非条带,广西自贸区,商务住宅;产业园区;产业园区,120100,[],108.6344126561252,21.74517693754352,5.44
87415012effffff,0.3948,非条带,自由贸易试验区,商务住宅;产业园区;产业园区,120100,大榄坪大街辅路与191乡道交叉口东南260米,108.65347317288052,21.7373418525344,6.34
87415012effffff,0.3948,非条带,金牌基础仓库,公司企业;公司;公司,170200,雄俊驾校,108.64325615864507,21.74473584109966,6.02
874150129ffffff,0.4735,非条带,广西融桂物流集团有限公司钦州仓储分公司,公司企业;公司;公司,170200,钦州港勒沟作业区,108.58566131415738,21.7367459183362,1.81
874150129ffffff,0.4735,非条带,广西钦州临港石化产业园开发投资有限公司,公司企业;公司;公司,170200,钦州港经济开发区海景2街钦州港招商大厦,108.59842238875396,21.74099686872907,3.11
874150129ffffff,0.4735,非条带,广西钦州保税港区荣泰物流有限公司,生活服务;物流速递;物流速递,070500,海景四街14号,108.59764957033362,21.74404026320561,3.27
874150129ffffff,0.4735,非条带,欣食品配送仓储,公司企业;公司;公司,170200,逸仙路与钦州港大道交叉口西140米,108.59754303206728,21.73535168748342,2.63
874150129ffffff,0.4735,非条带,广西钦州保税港区怡海船务有限公司,公司企业;公司;公司,170200,晨光路d1-11号附近,108.60112781479026,21.74520095485326,3.63
874150129ffffff,0.4735,非条带,钦州港经济技术开发区,商务住宅;产业园区;产业园区,120100,海景二街与兴港路交叉口东20米,108.59820649247028,21.740806829241432,3.08
874150129ffffff,0.4735,非条带,钦州港经济技术开发区,商务住宅;产业园区;产业园区,120100,3号路回建房1栋107小陈电喷油泵油嘴,108.602985397716,21.73022214848859,2.59
874150129ffffff,0.4735,非条带,巨龙储运仓库,生活服务;物流速递;物流速递,070500,勒沟东大街与果鹰大街交叉口东120米,108.60094360887553,21.73089210944415,2.63
874150129ffffff,0.4735,非条带,加顺仓库,公司企业;公司;公司,170200,"钦州港进港大道东面,桂鑫公司用地北面",108.60602170312777,21.74041599095775,3.67
874150188ffffff,0.5517,凹槽条带-市区段/水东街道,钦盛源食品配送有限公司仓库,公司企业;公司;公司,170200,汽车南站东出口(兴桂南路),108.65109759634171,21.939824359680152,2.24
874150188ffffff,0.5517,凹槽条带-市区段/水东街道,鸿毅昌仓储,公司企业;公司;公司,170200,五里桥南路,108.63689401772432,21.94848730933701,0.61
874150188ffffff,0.5517,凹槽条带-市区段/水东街道,中渡口仓库,公司企业;公司;公司,170200,商城西北街与商城三路交叉口北340米,108.63520135893606,21.946367853628782,0.77
874150188ffffff,0.5517,凹槽条带-市区段/水东街道,宜居卫浴-东姿卫浴仓库,公司企业;公司;公司,170200,商城西北街与商城大道交叉口北360米,108.63614954790972,21.946516501479785,0.79
874150188ffffff,0.5517,凹槽条带-市区段/水东街道,横岭仓库,公司企业;公司;公司,170200,商城西北街与商城大道交叉口北360米,108.6368691648269,21.94646738326263,0.82
874150188ffffff,0.5517,凹槽条带-市区段/水东街道,钦南区明扬板材批发仓库,公司企业;公司;公司,170200,麦德莱安置小区东北侧100米,108.63689812358798,21.94616519469892,0.85
874150188ffffff,0.5517,凹槽条带-市区段/水东街道,欧美陶瓷仓库,公司企业;公司;公司,170200,扬帆南大道与平山大街交叉口东北360米,108.64308630143763,21.933049029284387,1.99
874150188ffffff,0.5517,凹槽条带-市区段/水东街道,冠森建材批发仓库,购物服务;家居建材市场;建材五金市场|公司企业;公司;公司,060603|170200,东南街与蓬莱南大道交叉口西320米,108.6529640677618,21.94633809125156,1.99
874150188ffffff,0.5517,凹槽条带-市区段/水东街道,五里桥仓库,公司企业;公司企业;公司企业,170000,沙埠镇五里桥南路,108.63624023975366,21.949257672517245,0.51
8741500a5ffffff,0.6087,非条带,华彩园区,商务住宅;产业园区;产业园区,120100,北营路与光明路交叉口东180米,108.6174111526929,21.98114231998922,2.86
8741500a5ffffff,0.6087,非条带,京邦物流(钦州分拨中心),生活服务;物流速递;物流速递,070500,西环北路辅路与北部湾北大道交叉口西南160米,108.60621604704652,21.9777148949877,3.61
8741500a5ffffff,0.6087,非条带,美团仓库,公司企业;公司;公司,170200,北部湾大道与西环北路辅路交叉口西200米,108.60529070467314,21.9791140165735,3.8
8741500a5ffffff,0.6087,非条带,京东家电号仓库,购物服务;购物相关场所;购物相关场所|公司企业;公司;公司,060000|170200,北部湾大道辅路与子材西大街交叉口东北120米,108.60858814352316,21.97501027941309,3.23
8741500a5ffffff,0.6087,非条带,娃哈哈仓库,公司企业;公司;公司,170200,子材西大街与珠宝路交叉口西北140米,108.60953729619214,21.97425932703909,3.11
8741500a5ffffff,0.6087,非条带,新一极仓库,公司企业;公司;公司,170200,板岭二巷与板岭一巷交叉口东北200米,108.6180276579576,21.97495279484428,2.42
8741500a5ffffff,0.6087,非条带,精典仓库,公司企业;公司;公司,170200,子材街道,108.6243118209914,21.972611942836497,1.74
8741500a5ffffff,0.6087,非条带,珠江啤酒仓库,公司企业;公司企业;公司企业,170000,长田街道旺角建材市场,108.61548065862634,21.9789070122856,2.88
8741508d0ffffff,0.792,非条带,广西钦州保税港区恒湘集装箱仓储物流园,商务住宅;产业园区;产业园区,120100,钦州市保税港区海关棉纺厂业园西北侧100米,108.65905811941622,21.679702853677533,6.63
8741508d0ffffff,0.792,非条带,中铁二十一局集团钦州跨境贸易电子商务产业园(二期)项目经理部,公司企业;公司;公司,170200,八大街1号,108.649384559712,21.69178113411489,5.19
8741508d0ffffff,0.792,非条带,广西自贸区钦州港片区开发投资集团有限责任公司,公司企业;公司;商业贸易,170207,保税港区友谊大道1号自贸中心,108.6446669704922,21.68767676369612,4.9
8741508d0ffffff,0.792,非条带,钦州跨境贸易电子商务产业园A座,商务住宅;产业园区;产业园区|商务住宅;楼宇;商务写字楼,120100|120201,八大街与友谊大道交叉口东460米,108.65222819144158,21.69227622328299,5.45
8741508d0ffffff,0.792,非条带,钦州跨境贸易电子商务产业园,商务住宅;产业园区;产业园区,120100,[],108.65220324705008,21.69228827308361,5.45
8741508d0ffffff,0.792,非条带,广西钦州保税港区领航国际贸易有限公司,公司企业;公司;公司,170200,南海路与纬三路交叉口东南380米,108.6451828982544,21.687198705993787,4.98
8741508d0ffffff,0.792,非条带,广西钦州保税港区海帆供应链有限公司,公司企业;公司;公司,170200,八大街与友谊大道交叉口东180米,108.64949823999268,21.693188469607627,5.15
8741508d0ffffff,0.792,非条带,广西钦州保税港区威得利进出口贸易有限公司,公司企业;公司;公司,170200,南海路与纬三路交叉口东南200米,108.6439933572736,21.688399174751066,4.81
8741508d0ffffff,0.792,非条带,广西钦州保税港区,商务住宅;产业园区;产业园区,120100,[],108.65357517545785,21.691623522146912,5.61
8741508d0ffffff,0.792,非条带,广西自由贸易试验区钦州港片区,商务住宅;产业园区;产业园区,120100,八大街,108.64600890100388,21.691963100582104,4.85
8741508d0ffffff,0.792,非条带,钦州保税港区海关,商务住宅;产业园区;产业园区|政府机构及社会团体;政府机关;政府机关相关,120100|130100,保税港区八大街1号,108.64806145114996,21.69207758026078,5.05
8741508d0ffffff,0.792,非条带,恒湘资源,公司企业;公司;公司,170200,钦州保税港区东海路东面,108.64988254352774,21.690030582997217,5.3
