街道名,组别,距运河距离km,距钦州港km,面积km2,企查查搜索链接,企业总数(全状态),企业密度(家/km2),近3年新注册(1年内+1-3年),近3年吊销注销
东场镇,对照组,16.14,23.56,181.0,https://www.qcc.com/web/search?key=%E9%92%A6%E5%B7%9E%E5%B8%82%E4%B8%9C%E5%9C%BA%E9%95%87,1736,9.59,193,
康熙岭镇,对照组,9.79,25.77,92.07,https://www.qcc.com/web/search?key=%E9%92%A6%E5%B7%9E%E5%B8%82%E5%BA%B7%E7%86%99%E5%B2%AD%E9%95%87,6150,66.80,1114,
钦州港经济技术开发区,实验组,2.59,3.37,,https://www.qcc.com/web/search?key=%E9%92%A6%E5%B7%9E%E6%B8%AF%E7%BB%8F%E6%B5%8E%E6%8A%80%E6%9C%AF%E5%BC%80%E5%8F%91%E5%8C%BA,18771,,3685,
广西钦州保税港区,实验组,5.08,5.09,,https://www.qcc.com/web/search?key=%E5%B9%BF%E8%A5%BF%E9%92%A6%E5%B7%9E%E4%BF%9D%E7%A8%8E%E6%B8%AF%E5%8C%BA,2513,,55,
犀牛脚镇,实验组,16.09,15.97,275.4,https://www.qcc.com/web/search?key=%E9%92%A6%E5%B7%9E%E5%B8%82%E7%8A%80%E7%89%9B%E8%84%9A%E9%95%87,5187,18.83,1112,
水东街道,实验组,0.15,28.07,12.3,https://www.qcc.com/web/search?key=%E9%92%A6%E5%B7%9E%E5%B8%82%E6%B0%B4%E4%B8%9C%E8%A1%97%E9%81%93,9894,804.39,2676,
沙埠镇,实验组,0.02,28.22,145.5,https://www.qcc.com/web/search?key=%E9%92%A6%E5%B7%9E%E5%B8%82%E6%B2%99%E5%9F%A0%E9%95%87,17619,121.10,4671,
向阳街道,实验组,0.89,28.97,3.6,https://www.qcc.com/web/search?key=%E9%92%A6%E5%B7%9E%E5%B8%82%E5%90%91%E9%98%B3%E8%A1%97%E9%81%93,11456,3182.22,1667,
南珠街道,实验组,2.21,29.14,9.9,https://www.qcc.com/web/search?key=%E9%92%A6%E5%B7%9E%E5%B8%82%E5%8D%97%E7%8F%A0%E8%A1%97%E9%81%93,15832,1599.19,2561,
子材街道,实验组,2.60,30.39,11.664,https://www.qcc.com/web/search?key=%E9%92%A6%E5%B7%9E%E5%B8%82%E5%AD%90%E6%9D%90%E8%A1%97%E9%81%93,36512,3130.52,6113,
