hex_id,county
874150026ffffff,钦南区
874150593ffffff,灵山县
874152945ffffff,灵山县
87415012cffffff,钦南区
87415054dffffff,钦南区
874150401ffffff,钦北区
874150484ffffff,灵山县
874150172ffffff,钦南区
87415001dffffff,钦南区
8741500a0ffffff,钦南区
87415058affffff,灵山县
874150123ffffff,钦南区
874152873ffffff,横州市
874150544ffffff,钦南区
8741528f6ffffff,横州市
874150160ffffff,
87415282dffffff,灵山县
874150014ffffff,钦南区
874150581ffffff,灵山县
874150435ffffff,钦北区
87415011affffff,钦南区
87415019dffffff,钦南区
87415286affffff,灵山县
8741528edffffff,横州市
8741508d9ffffff,
874150472ffffff,钦北区
87415042cffffff,钦北区
874150111ffffff,钦南区
874152861ffffff,灵山县
8741528e4ffffff,横州市
8741508d0ffffff,钦南区
87415281bffffff,横州市
874150002ffffff,钦南区
874150085ffffff,钦南区
874150423ffffff,钦北区
874150108ffffff,钦南区
8741504a6ffffff,灵山县
874150556ffffff,钦北区
87415018bffffff,钦南区
8741505acffffff,灵山县
87415295effffff,灵山县
874150460ffffff,钦北区
874152812ffffff,横州市
874150145ffffff,
87415049dffffff,灵山县
874150182ffffff,钦南区
874150036ffffff,钦南区
8741505a3ffffff,灵山县
874152809ffffff,横州市
874152885ffffff,横州市
87415288cffffff,横州市
87415055dffffff,钦北区
874150411ffffff,钦北区
874150494ffffff,灵山县
874152846ffffff,横州市
87415002dffffff,钦南区
8741500b0ffffff,钦北区
87415059affffff,灵山县
87415294cffffff,灵山县
874152800ffffff,横州市
874152883ffffff,横州市
874150554ffffff,钦南区
874150408ffffff,钦北区
874150170ffffff,钦南区
874150024ffffff,钦南区
874152802ffffff,横州市
87415050effffff,钦北区
8741528c0ffffff,横州市
874150591ffffff,灵山县
874152943ffffff,灵山县
87415012affffff,钦南区
8741501adffffff,钦南区
87415054bffffff,钦北区
874150482ffffff,灵山县
874150588ffffff,灵山县
87415294effffff,灵山县
874150121ffffff,钦南区
874152871ffffff,灵山县
874150542ffffff,钦南区
87415059cffffff,灵山县
8741528f4ffffff,横州市
8741500b2ffffff,钦北区
87415282bffffff,横州市
87415015effffff,
874150012ffffff,钦南区
8741528aeffffff,横州市
874150095ffffff,钦北区
874150433ffffff,钦北区
874150118ffffff,钦南区
8741504b6ffffff,灵山县
87415019bffffff,钦南区
874152868ffffff,灵山县
87415296effffff,灵山县
874150470ffffff,钦北区
874150155ffffff,钦南区
874150519ffffff,钦北区
8741528a5ffffff,横州市
87415042affffff,钦北区
874150192ffffff,钦南区
8741528e2ffffff,横州市
8741508ceffffff,
8741505b3ffffff,灵山县
874152819ffffff,横州市
874150000ffffff,钦南区
87415056dffffff,钦南区
874150421ffffff,钦北区
8741504a4ffffff,灵山县
874150189ffffff,钦南区
874152856ffffff,横州市
8741505aaffffff,灵山县
87415295cffffff,灵山县
874150496ffffff,灵山县
874150143ffffff,
874152810ffffff,横州市
874150180ffffff,钦南区
874150034ffffff,钦南区
87415051effffff,钦北区
8741505a1ffffff,灵山县
87415288affffff,横州市
87415055bffffff,钦北区
874150492ffffff,灵山县
874152844ffffff,灵山县
8741500aeffffff,钦南区
874150598ffffff,灵山县
87415294affffff,灵山县
874152881ffffff,横州市
874150552ffffff,钦北区
874150413ffffff,钦北区
874150406ffffff,钦北区
87415016effffff,
874150022ffffff,钦南区
87415050cffffff,钦南区
8741500a5ffffff,钦北区
874152941ffffff,灵山县
874150128ffffff,钦南区
8741501abffffff,钦南区
874150549ffffff,钦北区
874150480ffffff,灵山县
874150165ffffff,
874150503ffffff,钦北区
874150586ffffff,灵山县
874150540ffffff,钦南区
8741528f2ffffff,横州市
8741508deffffff,钦南区
874152829ffffff,灵山县
87415015cffffff,
874150010ffffff,钦南区
8741528acffffff,横州市
874150431ffffff,钦北区
87415288effffff,横州市
8741504b4ffffff,灵山县
874150199ffffff,钦北区
874152866ffffff,灵山县
8741508d5ffffff,
87415296cffffff,灵山县
874150153ffffff,钦南区
8741528a3ffffff,横州市
874150428ffffff,钦北区
87415010dffffff,钦南区
874150190ffffff,钦南区
87415285dffffff,横州市
8741528e0ffffff,横州市
8741508ccffffff,
8741505b1ffffff,灵山县
874152963ffffff,灵山县
87415280bffffff,横州市
874150465ffffff,钦北区
874150081ffffff,钦北区
87415056bffffff,钦南区
8741504a2ffffff,灵山县
874152854ffffff,横州市
8741508c3ffffff,
8741505a8ffffff,灵山县
87415295affffff,灵山县
87415280effffff,横州市
874150141ffffff,
874150562ffffff,钦南区
874150416ffffff,灵山县
874150032ffffff,钦南区
87415051cffffff,钦北区
8741500b5ffffff,钦北区
874152805ffffff,横州市
874152888ffffff,横州市
8741508c0ffffff,
874150559ffffff,钦北区
87415040dffffff,钦北区
874150490ffffff,灵山县
874150175ffffff,钦南区
874152842ffffff,横州市
874150513ffffff,灵山县
8741528c5ffffff,横州市
8741528d4ffffff,横州市
8741500acffffff,钦南区
874150596ffffff,灵山县
874152948ffffff,灵山县
874150550ffffff,钦北区
874150404ffffff,钦北区
874150020ffffff,钦南区
87415050affffff,钦北区
8741500a3ffffff,钦南区
87415058dffffff,灵山县
8741501a9ffffff,钦南区
874152876ffffff,灵山县
874150163ffffff,
874150584ffffff,灵山县
87415011dffffff,钦南区
87415286dffffff,灵山县
874152851ffffff,横州市
8741528f0ffffff,横州市
8741508dcffffff,
874150475ffffff,钦北区
8741528aaffffff,横州市
874150091ffffff,钦北区
8741504b2ffffff,灵山县
874152864ffffff,灵山县
8741508d3ffffff,钦南区
87415296affffff,灵山县
87415281effffff,横州市
874150151ffffff,
874150005ffffff,钦南区
8741528a1ffffff,横州市
874150572ffffff,钦南区
874150426ffffff,钦北区
874150101ffffff,钦南区
87415010bffffff,钦南区
87415018effffff,钦南区
8741508caffffff,
87415041cffffff,钦北区
874152961ffffff,灵山县
874150463ffffff,钦北区
874152815ffffff,横州市
874150569ffffff,钦南区
874150102ffffff,钦南区
8741504a0ffffff,灵山县
874152852ffffff,横州市
874150185ffffff,钦南区
8741528d5ffffff,横州市
874150568ffffff,钦南区
8741508c1ffffff,
874152958ffffff,灵山县
87415280cffffff,横州市
874150560ffffff,钦南区
874150414ffffff,钦北区
874150030ffffff,钦南区
87415051affffff,灵山县
8741500b3ffffff,钦北区
87415059dffffff,灵山县
874152803ffffff,横州市
874152886ffffff,横州市
874150173ffffff,钦南区
874152840ffffff,横州市
874150511ffffff,灵山县
8741500aaffffff,钦南区
874150594ffffff,灵山县
87415012dffffff,钦南区
87415054effffff,钦南区
874150402ffffff,钦北区
874150485ffffff,灵山县
87415016affffff,
87415001effffff,钦南区
874150508ffffff,钦北区
8741500a1ffffff,钦南区
87415058bffffff,灵山县
874152874ffffff,灵山县
874150545ffffff,钦南区
874152814ffffff,横州市
874150161ffffff,
87415282effffff,灵山县
874150015ffffff,钦南区
874150462ffffff,钦北区
874150582ffffff,灵山县
874150436ffffff,钦北区
87415011bffffff,钦南区
87415019effffff,钦南区
87415286bffffff,灵山县
8741528eeffffff,横州市
8741508daffffff,钦南区
874150158ffffff,
8741528a8ffffff,横州市
8741505aeffffff,灵山县
87415042dffffff,钦北区
874150112ffffff,钦南区
8741504b0ffffff,灵山县
874152862ffffff,灵山县
874150195ffffff,钦南区
8741528e5ffffff,横州市
8741508d1ffffff,
874152968ffffff,灵山县
87415281cffffff,横州市
874150003ffffff,钦南区
87415088bffffff,钦南区
874150086ffffff,钦北区
874150570ffffff,钦南区
874150424ffffff,钦北区
874150109ffffff,钦南区
87415018cffffff,钦南区
8741508c8ffffff,
8741505adffffff,灵山县
874150461ffffff,钦北区
874150146ffffff,钦南区
874152813ffffff,横州市
874150100ffffff,钦南区
87415049effffff,灵山县
874150183ffffff,钦南区
874152850ffffff,横州市
87415280affffff,横州市
87415288dffffff,横州市
87415018dffffff,钦南区
87415055effffff,钦北区
874150412ffffff,灵山县
874150495ffffff,灵山县
87415002effffff,钦南区
874150518ffffff,钦北区
8741500b1ffffff,钦北区
87415059bffffff,灵山县
87415294dffffff,灵山县
874152801ffffff,横州市
874152884ffffff,横州市
874150555ffffff,钦南区
8741508f3ffffff,
874150171ffffff,钦南区
874150025ffffff,钦南区
8741500a8ffffff,钦南区
87415010affffff,钦南区
874150592ffffff,灵山县
87415012bffffff,钦南区
8741501aeffffff,钦南区
874150425ffffff,钦北区
87415054cffffff,钦南区
874150400ffffff,钦北区
874150483ffffff,灵山县
87415001cffffff,钦南区
874150589ffffff,钦北区
874152872ffffff,灵山县
874150543ffffff,钦南区
8741528f5ffffff,横州市
87415282cffffff,灵山县
874150571ffffff,钦南区
874150013ffffff,钦南区
874150096ffffff,钦北区
874150580ffffff,灵山县
874150434ffffff,灵山县
874150119ffffff,钦南区
87415019cffffff,钦南区
874152869ffffff,灵山县
8741528ecffffff,横州市
8741508d8ffffff,
874150471ffffff,钦北区
874150156ffffff,钦南区
8741528a0ffffff,横州市
87415042bffffff,钦北区
874150110ffffff,钦南区
8741504aeffffff,灵山县
874152860ffffff,灵山县
874150193ffffff,钦南区
874150004ffffff,钦南区
8741528e3ffffff,横州市
87415281affffff,横州市
874150001ffffff,钦南区
87415289dffffff,横州市
874150889ffffff,钦南区
874150084ffffff,钦北区
87415056effffff,钦南区
874150422ffffff,钦北区
8741504a5ffffff,灵山县
874150150ffffff,钦南区
87415281dffffff,横州市
87415018affffff,钦北区
8741508c6ffffff,
8741505abffffff,灵山县
87415295dffffff,灵山县
874150144ffffff,钦南区
874152811ffffff,横州市
874150565ffffff,钦南区
87415049cffffff,灵山县
874152969ffffff,灵山县
874150181ffffff,钦南区
87415284effffff,横州市
874150035ffffff,钦南区
8741505a2ffffff,灵山县
874152808ffffff,横州市
87415288bffffff,横州市
87415055cffffff,钦北区
8741508d2ffffff,钦南区
874150410ffffff,钦北区
874150493ffffff,灵山县
874152845ffffff,灵山县
87415002cffffff,钦南区
874150599ffffff,灵山县
87415294bffffff,灵山县
874150553ffffff,钦北区
8741528e6ffffff,横州市
874150023ffffff,钦南区
87415050dffffff,钦南区
8741500a6ffffff,钦北区
874150590ffffff,灵山县
874150129ffffff,钦南区
8741501acffffff,钦南区
87415054affffff,钦北区
874150481ffffff,灵山县
874150166ffffff,
874152833ffffff,横州市
874150120ffffff,钦南区
874152870ffffff,灵山县
8741501a3ffffff,钦南区
874150541ffffff,钦北区
8741528f3ffffff,横州市
874152863ffffff,灵山县
87415015dffffff,
87415282affffff,横州市
874150011ffffff,钦南区
8741504b1ffffff,灵山县
8741528adffffff,横州市
874150094ffffff,钦北区
874150432ffffff,钦北区
8741504b5ffffff,灵山县
87415019affffff,钦南区
8741508d6ffffff,钦南区
87415296dffffff,灵山县
874150154ffffff,钦南区
874150429ffffff,钦北区
87415010effffff,钦南区
8741504acffffff,钦北区
874150113ffffff,钦南区
874150191ffffff,钦南区
87415285effffff,横州市
8741528e1ffffff,横州市
87415042effffff,钦北区
874150466ffffff,钦北区
874152818ffffff,横州市
874150082ffffff,钦北区
87415056cffffff,钦南区
874150420ffffff,钦北区
874150105ffffff,钦南区
8741504a3ffffff,灵山县
874150188ffffff,钦南区
874152855ffffff,横州市
8741505a9ffffff,灵山县
87415295bffffff,灵山县
874150090ffffff,钦北区
874150142ffffff,
874150563ffffff,钦南区
87415049affffff,灵山县
87415284cffffff,灵山县
874150033ffffff,钦南区
87415051dffffff,钦北区
8741500b6ffffff,钦南区
8741505a0ffffff,灵山县
874152806ffffff,横州市
8741528a9ffffff,横州市
874152889ffffff,横州市
87415055affffff,钦北区
87415040effffff,钦北区
874150491ffffff,灵山县
874150176ffffff,钦南区
874152843ffffff,横州市
87415002affffff,钦南区
8741528c6ffffff,横州市
8741500adffffff,钦南区
874152949ffffff,灵山县
874152880ffffff,横州市
874150551ffffff,钦北区
874150405ffffff,钦北区
874150021ffffff,钦南区
87415050bffffff,钦北区
8741500a4ffffff,钦北区
87415058effffff,灵山县
874152940ffffff,灵山县
8741501aaffffff,钦南区
874150474ffffff,钦北区
874150548ffffff,钦南区
874150164ffffff,
874150018ffffff,钦南区
874150585ffffff,灵山县
87415011effffff,钦南区
87415286effffff,灵山县
8741501a1ffffff,钦南区
8741528f1ffffff,横州市
8741508ddffffff,
874150476ffffff,钦北区
874152828ffffff,灵山县
8741528abffffff,横州市
874150092ffffff,钦北区
8741508dbffffff,
874150430ffffff,钦北区
874150115ffffff,钦南区
8741504b3ffffff,灵山县
874152865ffffff,灵山县
874150198ffffff,钦南区
8741508d4ffffff,钦南区
87415296bffffff,灵山县
874150152ffffff,钦南区
874150006ffffff,钦南区
8741528a2ffffff,横州市
874150573ffffff,钦南区
87415010cffffff,钦南区
87415285cffffff,横州市
8741508cbffffff,
874150464ffffff,钦北区
874152816ffffff,横州市
874150080ffffff,钦南区
87415056affffff,钦南区
87415041effffff,钦北区
874150103ffffff,钦南区
8741504a1ffffff,灵山县
874150186ffffff,钦南区
874152853ffffff,横州市
87415286cffffff,灵山县
8741528d6ffffff,横州市
8741508c2ffffff,
874152959ffffff,灵山县
87415280dffffff,横州市
874150140ffffff,
874150561ffffff,钦南区
874150415ffffff,钦北区
874150498ffffff,灵山县
874150031ffffff,钦南区
87415051bffffff,灵山县
8741500b4ffffff,钦南区
87415059effffff,灵山县
874150558ffffff,钦北区
87415040cffffff,钦北区
874150174ffffff,钦南区
87415011cffffff,钦南区
874152841ffffff,横州市
874150028ffffff,钦南区
874150512ffffff,灵山县
8741528c4ffffff,横州市
874150595ffffff,灵山县
87415012effffff,钦南区
874150403ffffff,钦北区
874150486ffffff,灵山县
874150509ffffff,钦南区
8741500a2ffffff,钦北区
87415058cffffff,灵山县
874150125ffffff,钦南区
874152875ffffff,灵山县
874150583ffffff,灵山县
8741501a8ffffff,钦南区
874150546ffffff,钦南区
874150162ffffff,钦南区
874150016ffffff,钦南区
