hex_id,poi_density,road_density,slope_mean,gdp,port_dist,poi_density_std,road_density_std,slope_mean_std,gdp_std,port_dist_std,composite_index
874150026ffffff,0.0,0.1677,0.7737,370.38,17.075,0.0001,0.0477,0.9796,0.4391,0.8702,0.0851
874150593ffffff,0.0,0.0,1.42,383.9,80.231,0.0001,0.0001,0.9433,0.6819,0.3639,0.0681
874152945ffffff,0.0,0.0,15.6242,383.9,87.418,0.0001,0.0001,0.1456,0.6819,0.3063,0.06
87415012cffffff,0.1836,0.2784,1.7818,370.38,4.597,0.0346,0.079,0.923,0.4391,0.9703,0.1188
87415054dffffff,0.0,0.5129,1.2763,370.38,42.075,0.0001,0.1455,0.9514,0.4391,0.6698,0.0989
874150401ffffff,0.0,0.3832,1.4314,345.94,61.491,0.0001,0.1088,0.9427,0.0001,0.5142,0.0542
874150484ffffff,0.0,0.0,3.9723,383.9,78.724,0.0001,0.0001,0.8,0.6819,0.376,0.0677
874150172ffffff,0.0,0.0,3.803,370.38,8.446,0.0001,0.0001,0.8095,0.4391,0.9394,0.076
87415001dffffff,0.0,0.0,7.4847,370.38,28.152,0.0001,0.0001,0.6027,0.4391,0.7814,0.0676
8741500a0ffffff,0.7365,1.1347,3.212,370.38,33.172,0.1384,0.3219,0.8427,0.4391,0.7412,0.2321
87415058affffff,0.0,1.1572,2.3342,383.9,73.138,0.0001,0.3283,0.892,0.6819,0.4208,0.1461
874150123ffffff,0.5512,1.422,2.5217,370.38,8.809,0.1036,0.4033,0.8814,0.4391,0.9365,0.237
874152873ffffff,0.0,0.2428,3.57,401.61,99.621,0.0001,0.069,0.8226,1.0,0.2085,0.0977
874150544ffffff,0.0,0.7079,1.7104,370.38,44.404,0.0001,0.2008,0.927,0.4391,0.6512,0.1107
8741528f6ffffff,0.0,0.0,4.3006,401.61,116.943,0.0001,0.0001,0.7815,1.0,0.0696,0.0755
874150160ffffff,0.0,0.0,3.388,370.38,8.302,0.0001,0.0001,0.8328,0.4391,0.9406,0.0762
87415282dffffff,0.0,0.5651,7.6135,383.9,97.93,0.0001,0.1604,0.5955,0.6819,0.2221,0.0966
874150014ffffff,0.9198,1.4157,0.9909,370.38,26.042,0.1729,0.4016,0.9674,0.4391,0.7984,0.2763
874150581ffffff,0.1853,0.3882,2.4341,383.9,71.43,0.0349,0.1102,0.8864,0.6819,0.4345,0.1189
874150435ffffff,0.0,0.0,3.865,345.94,61.937,0.0001,0.0001,0.806,0.0001,0.5106,0.0279
87415011affffff,0.1839,1.7857,4.0769,370.38,18.453,0.0346,0.5065,0.7941,0.4391,0.8592,0.2119
87415019dffffff,0.1842,2.4132,2.1275,370.38,30.78,0.0347,0.6844,0.9036,0.4391,0.7604,0.2496
87415286affffff,0.0,0.0,5.075,383.9,93.444,0.0001,0.0001,0.7381,0.6819,0.258,0.0621
8741528edffffff,0.0,0.5529,4.922,401.61,105.711,0.0001,0.1569,0.7466,1.0,0.1597,0.1154
8741508d9ffffff,0.0,0.0,3.0285,370.38,4.359,0.0001,0.0001,0.853,0.4391,0.9722,0.0777
874150472ffffff,0.0,0.0,11.65,345.94,58.302,0.0001,0.0001,0.3688,0.0001,0.5397,0.0261
87415042cffffff,0.0,0.0,1.8458,345.94,55.338,0.0001,0.0001,0.9194,0.0001,0.5635,0.031
874150111ffffff,0.0,0.0,4.6672,370.38,16.08,0.0001,0.0001,0.761,0.4391,0.8782,0.073
874152861ffffff,0.0,1.367,3.1056,383.9,90.982,0.0001,0.3878,0.8487,0.6819,0.2778,0.1533
8741528e4ffffff,0.0,1.0181,6.236,401.61,108.276,0.0001,0.2888,0.6729,1.0,0.1391,0.1445
8741508d0ffffff,5.3234,0.9714,4.2734,370.38,5.28,1.0,0.2756,0.7831,0.4391,0.9648,0.792
87415281bffffff,0.0,0.0,3.8578,401.61,112.07,0.0001,0.0001,0.8064,1.0,0.1087,0.0774
874150002ffffff,0.0,0.0101,1.0351,370.38,25.646,0.0001,0.003,0.9649,0.4391,0.8015,0.0717
874150085ffffff,0.0,0.0,6.759,370.38,36.947,0.0001,0.0001,0.6435,0.4391,0.7109,0.0649
874150423ffffff,0.0,0.0,1.4792,345.94,59.105,0.0001,0.0001,0.94,0.0001,0.5333,0.0299
874150108ffffff,0.0,0.2144,6.5538,370.38,10.446,0.0001,0.0609,0.655,0.4391,0.9234,0.0882
8741504a6ffffff,0.0,1.5786,3.4498,383.9,76.547,0.0001,0.4478,0.8293,0.6819,0.3935,0.1721
874150556ffffff,0.0,0.0,6.5574,345.94,53.164,0.0001,0.0001,0.6548,0.0001,0.5809,0.0299
87415018bffffff,0.7363,3.0679,1.329,370.38,29.004,0.1384,0.8701,0.9484,0.4391,0.7746,0.361
8741505acffffff,0.0,0.4736,4.2566,383.9,65.963,0.0001,0.1344,0.784,0.6819,0.4783,0.103
87415295effffff,0.0,0.7962,5.2124,383.9,95.511,0.0001,0.2259,0.7303,0.6819,0.2415,0.1135
874150460ffffff,0.0,0.645,5.2369,345.94,50.104,0.0001,0.183,0.729,0.0001,0.6055,0.0738
874152812ffffff,0.0,0.0,1.9633,401.61,115.431,0.0001,0.0001,0.9128,1.0,0.0818,0.077
874150145ffffff,0.0,1.245,3.6059,370.38,12.357,0.0001,0.3532,0.8206,0.4391,0.9081,0.1563
87415049dffffff,0.0,0.0,15.3757,383.9,82.476,0.0001,0.0001,0.1596,0.6819,0.346,0.0619
874150182ffffff,0.0,0.6164,3.7992,370.38,30.754,0.0001,0.1749,0.8097,0.4391,0.7606,0.1086
874150036ffffff,0.0,1.7781,1.686,370.38,22.464,0.0001,0.5043,0.9284,0.4391,0.827,0.1885
8741505a3ffffff,0.0,0.0,11.3938,383.9,70.054,0.0001,0.0001,0.3832,0.6819,0.4455,0.0678
874152809ffffff,0.0,0.0,4.339,401.61,103.393,0.0001,0.0001,0.7794,1.0,0.1783,0.0802
874152885ffffff,0.0,0.0,3.0988,401.61,121.185,0.0001,0.0001,0.849,1.0,0.0356,0.0745
87415288cffffff,0.0,0.0,5.1587,401.61,120.754,0.0001,0.0001,0.7334,1.0,0.0391,0.0738
87415055dffffff,0.0,0.0353,1.3336,345.94,48.033,0.0001,0.0101,0.9482,0.0001,0.6221,0.0361
874150411ffffff,0.0,0.5261,3.3756,345.94,67.63,0.0001,0.1493,0.8335,0.0001,0.465,0.0606
874150494ffffff,0.0,0.1531,4.7096,383.9,84.941,0.0001,0.0435,0.7586,0.6819,0.3262,0.0752
874152846ffffff,0.0,0.6235,6.0793,401.61,98.334,0.0001,0.1769,0.6817,1.0,0.2188,0.1222
87415002dffffff,0.0,0.0,0.4939,370.38,18.506,0.0001,0.0001,0.9953,0.4391,0.8588,0.0738
8741500b0ffffff,0.0,0.0,1.857,345.94,38.729,0.0001,0.0001,0.9188,0.0001,0.6967,0.0368
87415059affffff,0.0,0.8802,3.0598,383.9,79.49,0.0001,0.2497,0.8512,0.6819,0.3699,0.1255
87415294cffffff,0.0,0.9567,14.4962,383.9,86.752,0.0001,0.2714,0.209,0.6819,0.3117,0.1234
874152800ffffff,0.0,0.0,3.0353,401.61,106.682,0.0001,0.0001,0.8526,1.0,0.1519,0.0796
874152883ffffff,0.0,0.0,0.6716,401.61,124.589,0.0001,0.0001,0.9853,1.0,0.0083,0.0743
874150554ffffff,0.0,1.8666,1.6546,370.38,50.727,0.0001,0.5294,0.9301,0.4391,0.6005,0.1844
874150408ffffff,0.0,0.0,10.3578,345.94,61.738,0.0001,0.0001,0.4414,0.0001,0.5122,0.0254
874150170ffffff,0.1835,1.0704,3.556,370.38,6.843,0.0346,0.3036,0.8234,0.4391,0.9523,0.1692
874150024ffffff,0.0,0.0,0.8086,370.38,14.771,0.0001,0.0001,0.9776,0.4391,0.8887,0.0749
874152802ffffff,0.0,0.0,3.9503,401.61,109.097,0.0001,0.0001,0.8012,1.0,0.1325,0.0784
87415050effffff,0.0,0.0,10.5487,345.94,55.452,0.0001,0.0001,0.4307,0.0001,0.5626,0.0276
8741528c0ffffff,0.0,0.0231,5.7687,401.61,114.25,0.0001,0.0067,0.6991,1.0,0.0912,0.0774
874150591ffffff,0.0,0.0,1.127,383.9,77.841,0.0001,0.0001,0.9598,0.6819,0.3831,0.0691
874152943ffffff,0.0,0.0,12.4403,383.9,90.678,0.0001,0.0001,0.3244,0.6819,0.2802,0.0602
87415012affffff,0.0,0.0,2.9115,370.38,7.26,0.0001,0.0001,0.8596,0.4391,0.9489,0.0767
8741501adffffff,0.0,0.0,5.4576,370.38,19.584,0.0001,0.0001,0.7166,0.4391,0.8501,0.0714
87415054bffffff,0.0,0.0,1.7883,345.94,46.058,0.0001,0.0001,0.9226,0.0001,0.6379,0.0343
874150482ffffff,0.0,0.0,7.3232,383.9,82.368,0.0001,0.0001,0.6118,0.6819,0.3468,0.0651
874150588ffffff,0.0,0.0178,1.6548,383.9,70.713,0.0001,0.0051,0.9301,0.6819,0.4403,0.0725
87415294effffff,0.1857,0.0,13.28,383.9,89.176,0.035,0.0001,0.2773,0.6819,0.2922,0.0831
874150121ffffff,1.2857,2.2727,1.9645,370.38,6.986,0.2416,0.6446,0.9127,0.4391,0.9511,0.3835
874152871ffffff,0.0,0.904,5.4734,383.9,97.174,0.0001,0.2565,0.7157,0.6819,0.2281,0.1199
874150542ffffff,0.0,0.9973,2.4798,370.38,47.961,0.0001,0.2829,0.8838,0.4391,0.6226,0.1281
87415059cffffff,0.0,0.0,1.055,383.9,76.226,0.0001,0.0001,0.9638,0.6819,0.3961,0.0697
8741528f4ffffff,0.0,0.0,4.3203,401.61,114.507,0.0001,0.0001,0.7804,1.0,0.0892,0.0764
8741500b2ffffff,0.0,0.0,1.4487,345.94,41.17,0.0001,0.0001,0.9417,0.0001,0.6771,0.0361
87415282bffffff,0.0,0.0,6.3127,401.61,101.31,0.0001,0.0001,0.6685,1.0,0.195,0.0802
87415015effffff,0.0,0.0,2.8798,370.38,17.091,0.0001,0.0001,0.8613,0.4391,0.8701,0.0733
874150012ffffff,0.368,1.3649,2.9397,370.38,30.326,0.0692,0.3872,0.858,0.4391,0.764,0.2032
8741528aeffffff,0.0,0.0,4.1298,401.61,118.765,0.0001,0.0001,0.7911,1.0,0.055,0.0749
874150095ffffff,0.3686,0.5511,5.0253,345.94,42.155,0.0693,0.1564,0.7408,0.0001,0.6692,0.1156
874150433ffffff,0.0,0.0,1.1923,345.94,65.374,0.0001,0.0001,0.9561,0.0001,0.4831,0.0278
874150118ffffff,0.0,2.1537,5.4422,370.38,15.99,0.0001,0.6108,0.7174,0.4391,0.8789,0.2138
8741504b6ffffff,0.0,0.3967,4.5003,383.9,82.853,0.0001,0.1126,0.7703,0.6819,0.3429,0.092
87415019bffffff,0.1842,0.0,2.42,370.38,34.707,0.0347,0.0001,0.8872,0.4391,0.7289,0.0899
874152868ffffff,0.0,0.0,4.3282,383.9,90.989,0.0001,0.0001,0.78,0.6819,0.2777,0.0633
87415296effffff,0.0,0.9769,6.9877,383.9,85.019,0.0001,0.2771,0.6306,0.6819,0.3256,0.1283
874150470ffffff,0.0,0.0,11.6072,345.94,55.851,0.0001,0.0001,0.3712,0.0001,0.5594,0.027
874150155ffffff,0.0,0.0,0.53,370.38,11.966,0.0001,0.0001,0.9933,0.4391,0.9112,0.076
874150519ffffff,0.0,1.4885,3.1506,345.94,58.622,0.0001,0.4222,0.8461,0.0001,0.5372,0.1269
8741528a5ffffff,0.1865,0.0,6.432,401.61,116.965,0.0351,0.0001,0.6618,1.0,0.0695,0.0975
87415042affffff,0.0,0.3603,1.5844,345.94,59.029,0.0001,0.1023,0.9341,0.0001,0.5339,0.0535
874150192ffffff,0.0,0.0,10.4388,370.38,37.069,0.0001,0.0001,0.4368,0.4391,0.71,0.0634
8741528e2ffffff,0.0,0.4885,5.4973,401.61,111.849,0.0001,0.1386,0.7143,1.0,0.1105,0.1088
8741508ceffffff,0.0,0.0,0.7956,370.38,6.466,0.0001,0.0001,0.9784,0.4391,0.9553,0.0778
8741505b3ffffff,0.0,0.0,5.7593,383.9,76.499,0.0001,0.0001,0.6996,0.6819,0.3939,0.0677
874152819ffffff,0.0,0.9752,3.3236,401.61,109.634,0.0001,0.2766,0.8364,1.0,0.1282,0.1424
874150000ffffff,0.0,0.0,0.7129,370.38,23.512,0.0001,0.0001,0.983,0.4391,0.8186,0.0719
87415056dffffff,0.1844,1.5906,1.4896,370.38,36.854,0.0347,0.4512,0.9394,0.4391,0.7117,0.1938
874150421ffffff,0.0,0.0,3.7226,345.94,56.653,0.0001,0.0001,0.814,0.0001,0.553,0.0298
8741504a4ffffff,0.0,0.7977,2.4525,383.9,74.109,0.0001,0.2263,0.8853,0.6819,0.413,0.1222
874150189ffffff,0.9201,2.6729,1.1628,370.38,26.589,0.1729,0.7581,0.9578,0.4391,0.794,0.3585
874152856ffffff,0.0,0.0,4.9846,401.61,104.513,0.0001,0.0001,0.7431,1.0,0.1693,0.0796
8741505aaffffff,0.0,0.2111,2.4121,383.9,69.038,0.0001,0.06,0.8876,0.6819,0.4537,0.0855
87415295cffffff,0.0,0.0,12.3213,383.9,93.094,0.0001,0.0001,0.3311,0.6819,0.2608,0.0594
874150496ffffff,0.0,2.6409,6.4868,383.9,87.388,0.0001,0.749,0.6588,0.6819,0.3066,0.2368
874150143ffffff,0.0,1.3317,3.3222,370.38,15.1,0.0001,0.3777,0.8365,0.4391,0.8861,0.1611
874152810ffffff,0.0,1.0139,3.524,401.61,113.022,0.0001,0.2876,0.8252,1.0,0.1011,0.1436
874150180ffffff,0.0,0.0,4.4878,370.38,28.299,0.0001,0.0001,0.771,0.4391,0.7803,0.0688
874150034ffffff,0.0,0.1607,1.0621,370.38,20.029,0.0001,0.0457,0.9634,0.4391,0.8466,0.0835
87415051effffff,0.0,0.0104,5.6028,345.94,61.89,0.0001,0.003,0.7084,0.0001,0.511,0.0279
8741505a1ffffff,0.0,0.3348,9.7999,383.9,67.708,0.0001,0.095,0.4727,0.6819,0.4643,0.0912
87415288affffff,0.0,0.0,1.7219,401.61,124.253,0.0001,0.0001,0.9264,1.0,0.011,0.074
87415055bffffff,0.0,0.451,2.8881,345.94,51.906,0.0001,0.128,0.8609,0.0001,0.591,0.0614
874150492ffffff,0.0,1.4907,10.7971,383.9,88.531,0.0001,0.4228,0.4167,0.6819,0.2974,0.1593
874152844ffffff,0.0,0.0,3.6897,383.9,95.884,0.0001,0.0001,0.8159,0.6819,0.2385,0.0618
8741500aeffffff,0.0,0.0,9.0852,370.38,34.63,0.0001,0.0001,0.5129,0.4391,0.7295,0.0648
874150598ffffff,0.0,0.4063,1.5542,383.9,77.072,0.0001,0.1153,0.9358,0.6819,0.3893,0.0958
87415294affffff,0.0,0.0,10.3197,383.9,90.151,0.0001,0.0001,0.4435,0.6819,0.2844,0.0612
874152881ffffff,0.0,0.0,4.4966,401.61,122.163,0.0001,0.0001,0.7705,1.0,0.0278,0.0736
874150552ffffff,0.0,0.0,4.8461,345.94,54.202,0.0001,0.0001,0.7509,0.0001,0.5726,0.0302
874150413ffffff,0.0,0.3008,3.2687,345.94,70.087,0.0001,0.0854,0.8395,0.0001,0.4453,0.045
874150406ffffff,0.0,0.0,1.4626,345.94,64.01,0.0001,0.0001,0.9409,0.0001,0.494,0.0282
87415016effffff,0.0,2.5812,3.4524,370.38,12.559,0.0001,0.7321,0.8292,0.4391,0.9064,0.2438
874150022ffffff,0.0,0.0,0.5411,370.38,19.119,0.0001,0.0001,0.9927,0.4391,0.8539,0.0735
87415050cffffff,0.0,0.0,12.2826,370.38,53.073,0.0001,0.0001,0.3333,0.4391,0.5817,0.0571
8741500a5ffffff,2.7612,3.526,1.5628,345.94,30.781,0.5187,1.0,0.9353,0.0001,0.7604,0.6087
874152941ffffff,0.0,0.0,17.6114,383.9,88.264,0.0001,0.0001,0.034,0.6819,0.2996,0.059
874150128ffffff,0.0,0.916,2.9068,370.38,4.813,0.0001,0.2599,0.8598,0.4391,0.9685,0.1376
8741501abffffff,0.7361,1.5681,2.2007,370.38,23.383,0.1384,0.4448,0.8995,0.4391,0.8197,0.2642
874150549ffffff,0.0,0.506,1.3455,345.94,43.613,0.0001,0.1436,0.9475,0.0001,0.6575,0.0685
874150480ffffff,0.0,0.5214,3.7344,383.9,79.913,0.0001,0.148,0.8133,0.6819,0.3665,0.1015
874150165ffffff,0.0,1.3079,3.595,370.38,9.322,0.0001,0.371,0.8212,0.4391,0.9324,0.1615
874150503ffffff,0.0,0.0,7.6301,345.94,57.155,0.0001,0.0001,0.5946,0.0001,0.5489,0.0281
874150586ffffff,0.0,0.3808,4.9211,383.9,74.766,0.0001,0.1081,0.7467,0.6819,0.4078,0.0936
874150540ffffff,0.0,0.9598,0.9504,370.38,45.502,0.0001,0.2723,0.9697,0.4391,0.6424,0.1271
8741528f2ffffff,0.0,0.0,6.252,401.61,118.041,0.0001,0.0001,0.672,1.0,0.0608,0.0744
8741508deffffff,0.1835,0.0,1.2178,370.38,0.889,0.0346,0.0001,0.9547,0.4391,1.0,0.1021
874152829ffffff,0.0,0.0,7.2089,383.9,98.882,0.0001,0.0001,0.6182,0.6819,0.2144,0.0594
87415015cffffff,0.0,0.0,3.8013,370.38,15.935,0.0001,0.0001,0.8096,0.4391,0.8794,0.0734
874150010ffffff,0.184,0.9283,1.0942,370.38,28.011,0.0347,0.2633,0.9616,0.4391,0.7826,0.1536
8741528acffffff,0.0,0.0,2.4501,401.61,116.347,0.0001,0.0001,0.8855,1.0,0.0744,0.0765
874150431ffffff,0.0,0.0,2.014,345.94,62.93,0.0001,0.0001,0.91,0.0001,0.5026,0.0283
87415288effffff,0.0,0.0,2.5406,401.61,123.186,0.0001,0.0001,0.8804,1.0,0.0196,0.074
8741504b4ffffff,0.0,0.6522,3.5194,383.9,80.423,0.0001,0.1851,0.8254,0.6819,0.3624,0.11
874150199ffffff,0.7367,3.2398,1.4039,345.94,32.254,0.1385,0.9188,0.9442,0.0001,0.7486,0.3417
874152866ffffff,0.0,0.0,8.524,383.9,93.628,0.0001,0.0001,0.5444,0.6819,0.2566,0.0607
8741508d5ffffff,0.0,0.0,4.2734,370.38,5.982,0.0001,0.0001,0.7831,0.4391,0.9592,0.0766
87415296cffffff,0.0,0.9557,4.6966,383.9,82.623,0.0001,0.2711,0.7593,0.6819,0.3448,0.1287
874150153ffffff,0.0,0.0,1.0135,370.38,15.968,0.0001,0.0001,0.9661,0.4391,0.8791,0.0744
8741528a3ffffff,0.0,0.0,2.3997,401.61,120.252,0.0001,0.0001,0.8883,1.0,0.0431,0.0751
874150428ffffff,0.0,0.4627,1.4893,345.94,56.567,0.0001,0.1313,0.9394,0.0001,0.5537,0.0611
87415010dffffff,0.0,1.1627,5.9391,370.38,8.163,0.0001,0.3298,0.6895,0.4391,0.9417,0.1514
874150190ffffff,0.0,0.3904,4.3281,370.38,34.63,0.0001,0.1108,0.78,0.4391,0.7295,0.0922
87415285dffffff,0.0,0.9834,6.8766,401.61,99.662,0.0001,0.279,0.6369,1.0,0.2082,0.145
8741528e0ffffff,0.0,0.5448,7.0238,401.61,109.404,0.0001,0.1546,0.6286,1.0,0.1301,0.1128
8741508ccffffff,0.0,0.0,0.7882,370.38,8.903,0.0001,0.0001,0.9788,0.4391,0.9358,0.077
8741505b1ffffff,0.0,0.0,3.1157,383.9,74.157,0.0001,0.0001,0.8481,0.6819,0.4126,0.0696
874152963ffffff,0.0,0.0022,6.5964,383.9,86.638,0.0001,0.0007,0.6526,0.6819,0.3126,0.064
87415280bffffff,0.0,0.0,3.8939,401.61,105.835,0.0001,0.0001,0.8044,1.0,0.1587,0.0795
874150465ffffff,0.0,0.524,6.7959,345.94,47.672,0.0001,0.1487,0.6414,0.0001,0.625,0.0661
874150081ffffff,0.0,1.4218,4.589,345.94,38.949,0.0001,0.4033,0.7653,0.0001,0.6949,0.1288
87415056bffffff,0.0,0.4779,2.8272,370.38,40.64,0.0001,0.1356,0.8643,0.4391,0.6813,0.0965
8741504a2ffffff,0.0,1.7471,4.8328,383.9,77.601,0.0001,0.4955,0.7517,0.6819,0.385,0.1822
874152854ffffff,0.0,0.0,3.8657,401.61,102.067,0.0001,0.0001,0.806,1.0,0.1889,0.0809
8741508c3ffffff,0.0,0.0,4.2734,370.38,5.233,0.0001,0.0001,0.7831,0.4391,0.9652,0.0769
8741505a8ffffff,0.0,0.0,2.3028,383.9,66.65,0.0001,0.0001,0.8937,0.6819,0.4728,0.0725
87415295affffff,0.0,0.734,5.4102,383.9,96.454,0.0001,0.2082,0.7192,0.6819,0.2339,0.109
87415280effffff,0.0,0.0,3.9925,401.61,106.169,0.0001,0.0001,0.7988,1.0,0.156,0.0794
874150141ffffff,0.0,0.174,2.9596,370.38,14.639,0.0001,0.0494,0.8569,0.4391,0.8898,0.0855
874150562ffffff,0.0,0.0,3.3699,370.38,43.428,0.0001,0.0001,0.8338,0.4391,0.659,0.0639
874150416ffffff,0.0,0.0,3.2098,383.9,70.263,0.0001,0.0001,0.8428,0.6819,0.4439,0.0709
874150032ffffff,0.0,1.1696,1.5339,370.38,24.184,0.0001,0.3318,0.9369,0.4391,0.8133,0.148
87415051cffffff,0.0,0.0,5.2583,345.94,59.519,0.0001,0.0001,0.7278,0.0001,0.53,0.0282
8741500b5ffffff,0.0,0.0,2.9427,345.94,36.291,0.0001,0.0001,0.8578,0.0001,0.7162,0.0372
874152805ffffff,0.0,0.0,11.3947,401.61,104.268,0.0001,0.0001,0.3832,1.0,0.1713,0.0771
874152888ffffff,0.0,0.0,5.324,401.61,121.816,0.0001,0.0001,0.7241,1.0,0.0306,0.0734
8741508c0ffffff,0.0,0.0,4.2734,370.38,7.162,0.0001,0.0001,0.7831,0.4391,0.9497,0.0762
874150559ffffff,0.0,2.0027,1.2561,345.94,49.448,0.0001,0.568,0.9525,0.0001,0.6107,0.1646
87415040dffffff,0.0,0.0,9.4997,345.94,59.28,0.0001,0.0001,0.4896,0.0001,0.5319,0.0266
874150490ffffff,0.0,0.7553,7.9017,383.9,86.08,0.0001,0.2143,0.5793,0.6819,0.3171,0.1131
874150175ffffff,0.0,0.0,2.7889,370.38,5.878,0.0001,0.0001,0.8664,0.4391,0.96,0.0773
874152842ffffff,0.0,0.5207,4.5691,401.61,99.545,0.0001,0.1478,0.7665,1.0,0.2091,0.1156
874150513ffffff,0.0,0.0,8.462,383.9,63.605,0.0001,0.0001,0.5478,0.6819,0.4972,0.0712
8741528c5ffffff,0.0,0.0,4.4548,401.61,111.8,0.0001,0.0001,0.7729,1.0,0.1109,0.0772
8741528d4ffffff,0.0,0.2703,5.9804,401.61,119.183,0.0001,0.0768,0.6872,1.0,0.0517,0.0918
8741500acffffff,0.0,0.0,6.8819,370.38,32.336,0.0001,0.0001,0.6366,0.4391,0.7479,0.0664
874150596ffffff,0.0,0.372,1.1498,383.9,81.202,0.0001,0.1056,0.9585,0.6819,0.3562,0.0923
874152948ffffff,0.0,0.8525,7.408,383.9,87.717,0.0001,0.2419,0.607,0.6819,0.3039,0.1191
874150550ffffff,0.0,0.5208,4.976,345.94,51.751,0.0001,0.1478,0.7436,0.0001,0.5923,0.0652
874150404ffffff,0.0,0.0,1.9958,345.94,61.557,0.0001,0.0001,0.911,0.0001,0.5137,0.0288
874150020ffffff,0.0,0.0,0.6619,370.38,16.902,0.0001,0.0001,0.9859,0.4391,0.8716,0.0743
87415050affffff,0.0,0.8095,4.7922,345.94,56.213,0.0001,0.2297,0.7539,0.0001,0.5565,0.0826
8741500a3ffffff,0.0,0.0,5.8323,370.38,35.017,0.0001,0.0001,0.6955,0.4391,0.7264,0.0659
87415058dffffff,0.0,0.0,1.5996,383.9,68.29,0.0001,0.0001,0.9332,0.6819,0.4597,0.0722
8741501a9ffffff,0.0,1.628,3.5941,370.38,20.917,0.0001,0.4618,0.8212,0.4391,0.8394,0.1784
874152876ffffff,0.0,0.0,2.9906,383.9,99.889,0.0001,0.0001,0.8551,0.6819,0.2064,0.0607
874150163ffffff,0.0,0.7542,2.9607,370.38,10.21,0.0001,0.214,0.8568,0.4391,0.9253,0.1251
874150584ffffff,0.0,0.0,3.3996,383.9,72.407,0.0001,0.0001,0.8321,0.6819,0.4267,0.0701
87415011dffffff,0.0,0.6339,7.7443,370.38,13.529,0.0001,0.1799,0.5882,0.4391,0.8987,0.1142
87415286dffffff,0.0,2.0541,4.7582,383.9,88.534,0.0001,0.5826,0.7558,0.6819,0.2974,0.1986
874152851ffffff,0.0,0.0,4.4769,401.61,101.997,0.0001,0.0001,0.7716,1.0,0.1895,0.0807
8741528f0ffffff,0.0,0.0,4.7152,401.61,115.6,0.0001,0.0001,0.7583,1.0,0.0804,0.0758
8741508dcffffff,0.0,0.0,4.2734,370.38,2.822,0.0001,0.0001,0.7831,0.4391,0.9845,0.0777
874150475ffffff,0.0,0.0,8.53,345.94,53.402,0.0001,0.0001,0.544,0.0001,0.579,0.0291
8741528aaffffff,0.0,0.0,4.6841,401.61,119.737,0.0001,0.0001,0.76,1.0,0.0472,0.0744
874150091ffffff,0.1843,0.4847,4.2893,345.94,43.991,0.0347,0.1376,0.7822,0.0001,0.6545,0.0883
8741504b2ffffff,0.0,0.8994,4.0459,383.9,83.865,0.0001,0.2552,0.7958,0.6819,0.3348,0.1248
874152864ffffff,0.0,0.0,10.8585,383.9,91.187,0.0001,0.0001,0.4133,0.6819,0.2761,0.0606
8741508d3ffffff,0.7343,0.0,4.2734,370.38,3.21,0.138,0.0001,0.7831,0.4391,0.9814,0.1675
87415296affffff,0.0,0.9786,13.6481,383.9,85.852,0.0001,0.2776,0.2566,0.6819,0.3189,0.1255
87415281effffff,0.0,0.5419,4.8507,401.61,112.462,0.0001,0.1538,0.7507,1.0,0.1056,0.1124
874150151ffffff,0.0,0.0,2.3184,370.38,14.528,0.0001,0.0001,0.8929,0.4391,0.8907,0.0744
874150005ffffff,0.0,0.0,0.5232,370.38,21.449,0.0001,0.0001,0.9937,0.4391,0.8352,0.0727
8741528a1ffffff,0.0,0.0,2.6473,401.61,117.841,0.0001,0.0001,0.8744,1.0,0.0624,0.0759
874150572ffffff,0.0,0.7036,4.4583,370.38,49.813,0.0001,0.1996,0.7727,0.4391,0.6078,0.1074
874150426ffffff,0.0,0.0,4.8067,345.94,59.507,0.0001,0.0001,0.7531,0.0001,0.5301,0.0284
874150101ffffff,0.0,0.0,4.0831,370.38,9.719,0.0001,0.0001,0.7938,0.4391,0.9292,0.0754
87415010bffffff,0.0,0.5794,2.8225,370.38,12.531,0.0001,0.1644,0.8646,0.4391,0.9067,0.1129
87415018effffff,0.3683,2.4529,2.5383,370.38,28.314,0.0693,0.6957,0.8805,0.4391,0.7801,0.2754
8741508caffffff,0.0,0.0,2.9314,370.38,6.14,0.0001,0.0001,0.8584,0.4391,0.9579,0.0771
87415041cffffff,0.0,0.0,4.8149,345.94,66.412,0.0001,0.0001,0.7527,0.0001,0.4747,0.026
874152961ffffff,0.0,1.9624,5.9637,383.9,84.255,0.0001,0.5566,0.6881,0.6819,0.3317,0.1936
874150463ffffff,0.0,0.0,16.034,345.94,51.781,0.0001,0.0001,0.1226,0.0001,0.592,0.0267
874152815ffffff,0.0,0.0,4.1279,401.61,110.614,0.0001,0.0001,0.7912,1.0,0.1204,0.0778
874150569ffffff,0.0,0.0,3.8526,370.38,38.176,0.0001,0.0001,0.8067,0.4391,0.7011,0.0656
874150102ffffff,0.1838,0.9782,3.8943,370.38,13.663,0.0346,0.2775,0.8044,0.4391,0.8976,0.1607
8741504a0ffffff,0.0,0.0,2.9043,383.9,75.155,0.0001,0.0001,0.86,0.6819,0.4046,0.0693
874152852ffffff,0.0,0.5115,4.7086,401.61,105.682,0.0001,0.1452,0.7586,1.0,0.1599,0.1128
874150185ffffff,0.0,0.805,5.1448,370.38,25.847,0.0001,0.2284,0.7341,0.4391,0.7999,0.1221
8741528d5ffffff,0.0,0.8968,6.6108,401.61,117.922,0.0001,0.2544,0.6518,1.0,0.0618,0.133
874150568ffffff,0.0,1.341,1.196,370.38,39.32,0.0001,0.3804,0.9559,0.4391,0.6919,0.1541
8741508c1ffffff,0.0,0.0,4.2734,370.38,7.685,0.0001,0.0001,0.7831,0.4391,0.9455,0.076
874152958ffffff,0.0,0.0,7.7621,383.9,94.027,0.0001,0.0001,0.5872,0.6819,0.2534,0.0608
87415280cffffff,0.0,0.0,3.7958,401.61,103.739,0.0001,0.0001,0.8099,1.0,0.1755,0.0803
874150560ffffff,0.0,0.0,6.6513,370.38,41.002,0.0001,0.0001,0.6495,0.4391,0.6784,0.0635
874150414ffffff,0.0,0.0,1.8933,345.94,67.818,0.0001,0.0001,0.9167,0.0001,0.4635,0.0267
874150030ffffff,0.1839,0.6595,0.7716,370.38,21.792,0.0346,0.1871,0.9797,0.4391,0.8324,0.1382
87415051affffff,0.0,0.9441,2.735,383.9,62.623,0.0001,0.2678,0.8695,0.6819,0.5051,0.1356
8741500b3ffffff,0.0,0.264,1.5334,345.94,40.397,0.0001,0.075,0.9369,0.0001,0.6833,0.0537
87415059dffffff,0.9269,0.9956,1.3374,383.9,74.657,0.1742,0.2824,0.948,0.6819,0.4086,0.2488
874152803ffffff,0.0,0.0,4.5682,401.61,107.614,0.0001,0.0001,0.7665,1.0,0.1444,0.0787
874152886ffffff,0.0,0.426,1.6615,401.61,125.078,0.0001,0.1209,0.9298,1.0,0.0044,0.1016
874150173ffffff,0.0,0.0,1.1679,370.38,9.404,0.0001,0.0001,0.9575,0.4391,0.9317,0.0767
874152840ffffff,0.0,1.7908,3.921,401.61,97.092,0.0001,0.5079,0.8029,1.0,0.2288,0.2
874150511ffffff,0.0,0.0,5.3252,383.9,61.255,0.0001,0.0001,0.724,0.6819,0.5161,0.0732
8741500aaffffff,0.0,0.0,5.9328,370.38,36.672,0.0001,0.0001,0.6899,0.4391,0.7131,0.0653
874150594ffffff,0.0,1.7039,1.5762,383.9,78.848,0.0001,0.4833,0.9345,0.6819,0.375,0.1802
87415012dffffff,0.0,0.0,2.6666,370.38,2.421,0.0001,0.0001,0.8733,0.4391,0.9877,0.0785
87415054effffff,0.0,0.0,1.4939,370.38,45.569,0.0001,0.0001,0.9392,0.4391,0.6418,0.0639
874150402ffffff,0.0,0.415,2.384,345.94,65.172,0.0001,0.1178,0.8892,0.0001,0.4847,0.0546
874150485ffffff,0.0,0.7859,4.3817,383.9,77.457,0.0001,0.223,0.777,0.6819,0.3862,0.1195
87415016affffff,0.0,0.6604,2.8848,370.38,14.59,0.0001,0.1874,0.8611,0.4391,0.8902,0.1175
87415001effffff,0.0,0.7289,3.4686,370.38,30.018,0.0001,0.2068,0.8283,0.4391,0.7665,0.1164
874150508ffffff,0.0,0.0,7.6075,345.94,53.809,0.0001,0.0001,0.5958,0.0001,0.5758,0.0293
8741500a1ffffff,0.0,0.0,5.9179,370.38,32.662,0.0001,0.0001,0.6907,0.4391,0.7453,0.0667
87415058bffffff,0.9264,1.5186,2.9383,383.9,71.672,0.1741,0.4307,0.858,0.6819,0.4326,0.2834
874152874ffffff,0.0,0.5391,6.0676,383.9,97.454,0.0001,0.153,0.6823,0.6819,0.2259,0.0957
874150545ffffff,0.0,0.0,0.866,370.38,43.043,0.0001,0.0001,0.9744,0.4391,0.6621,0.0651
874152814ffffff,0.0,0.0143,3.5294,401.61,112.165,0.0001,0.0042,0.8249,1.0,0.1079,0.0784
874150161ffffff,0.0,0.9789,4.2262,370.38,10.759,0.0001,0.2777,0.7857,0.4391,0.9209,0.1391
87415282effffff,0.0,0.0,7.6961,383.9,101.856,0.0001,0.0001,0.5909,0.6819,0.1906,0.0581
874150015ffffff,0.0,0.9693,0.6874,370.38,25.725,0.0001,0.275,0.9845,0.4391,0.8009,0.1347
874150462ffffff,0.0,0.0,6.2703,345.94,52.539,0.0001,0.0001,0.6709,0.0001,0.5859,0.0303
874150582ffffff,0.0,0.0,1.4536,383.9,75.456,0.0001,0.0001,0.9414,0.6819,0.4022,0.0698
874150436ffffff,0.0,0.0,3.7573,345.94,65.869,0.0001,0.0001,0.8121,0.0001,0.4791,0.0266
87415011bffffff,0.0,0.5097,1.2133,370.38,17.602,0.0001,0.1446,0.9549,0.4391,0.866,0.1072
87415019effffff,0.0,1.0251,4.3371,370.38,34.388,0.0001,0.2908,0.7795,0.4391,0.7315,0.1339
87415286bffffff,0.0,0.0,5.0816,383.9,92.3,0.0001,0.0001,0.7377,0.6819,0.2672,0.0625
8741528eeffffff,0.0,1.3763,4.3409,401.61,109.35,0.0001,0.3904,0.7793,1.0,0.1305,0.1684
8741508daffffff,0.734,0.0,1.7869,370.38,1.732,0.138,0.0001,0.9227,0.4391,0.9932,0.1689
874150158ffffff,0.0,0.2863,2.6538,370.38,18.483,0.0001,0.0813,0.874,0.4391,0.859,0.0917
8741528a8ffffff,0.0,0.0,4.0466,401.61,117.311,0.0001,0.0001,0.7958,1.0,0.0667,0.0755
8741505aeffffff,0.0,0.0,8.6653,383.9,68.328,0.0001,0.0001,0.5364,0.6819,0.4594,0.0694
87415042dffffff,0.0,0.6255,1.5688,345.94,54.105,0.0001,0.1775,0.935,0.0001,0.5734,0.0726
874150112ffffff,0.0,0.4668,2.8715,370.38,20.118,0.0001,0.1325,0.8618,0.4391,0.8458,0.1029
8741504b0ffffff,0.0,0.0,3.3761,383.9,81.425,0.0001,0.0001,0.8335,0.6819,0.3544,0.067
874152862ffffff,0.0,0.489,4.236,383.9,94.728,0.0001,0.1388,0.7852,0.6819,0.2477,0.094
874150195ffffff,0.0,0.645,2.0846,370.38,32.193,0.0001,0.183,0.906,0.4391,0.749,0.1106
8741528e5ffffff,0.0,1.2549,4.9461,401.61,106.959,0.0001,0.356,0.7453,1.0,0.1497,0.161
8741508d1ffffff,0.0,0.0,4.2734,370.38,3.423,0.0001,0.0001,0.7831,0.4391,0.9797,0.0775
874152968ffffff,0.0,0.0,9.551,383.9,83.442,0.0001,0.0001,0.4867,0.6819,0.3382,0.0638
87415281cffffff,0.0,0.049,6.1457,401.61,110.038,0.0001,0.014,0.6779,1.0,0.125,0.0804
874150003ffffff,0.0,0.363,1.5488,370.38,25.809,0.0001,0.103,0.9361,0.4391,0.8002,0.0946
87415088bffffff,0.0,0.0,1.6341,370.38,9.869,0.0001,0.0001,0.9313,0.4391,0.928,0.0763
874150086ffffff,0.0,0.1208,2.2383,345.94,39.765,0.0001,0.0344,0.8974,0.0001,0.6883,0.0442
874150570ffffff,0.0,0.0,5.0321,370.38,47.398,0.0001,0.0001,0.7405,0.4391,0.6272,0.0619
874150424ffffff,0.0,0.7028,6.6592,345.94,57.079,0.0001,0.1994,0.6491,0.0001,0.5495,0.0746
874150109ffffff,0.0,0.7334,3.9835,370.38,10.396,0.0001,0.2081,0.7994,0.4391,0.9238,0.1233
87415018cffffff,0.3681,0.0,1.8487,370.38,25.848,0.0692,0.0001,0.9192,0.4391,0.7999,0.1157
8741508c8ffffff,0.0,0.0,1.556,370.38,8.287,0.0001,0.0001,0.9357,0.4391,0.9407,0.0769
8741505adffffff,0.0,0.4722,3.4063,383.9,64.267,0.0001,0.134,0.8318,0.6819,0.4919,0.1039
874150461ffffff,0.0,0.836,8.4824,345.94,49.366,0.0001,0.2372,0.5467,0.0001,0.6114,0.0853
874150146ffffff,0.0,0.0519,1.8593,370.38,10.861,0.0001,0.0148,0.9186,0.4391,0.9201,0.0793
874152813ffffff,0.0,0.0,3.9805,401.61,113.929,0.0001,0.0001,0.7995,1.0,0.0938,0.0767
874150100ffffff,0.0,0.8222,3.4246,370.38,11.268,0.0001,0.2333,0.8307,0.4391,0.9168,0.129
87415049effffff,0.0,0.1201,13.3817,383.9,86.078,0.0001,0.0342,0.2716,0.6819,0.3171,0.0693
874150183ffffff,0.9209,2.3402,4.409,370.38,29.454,0.1731,0.6637,0.7755,0.4391,0.771,0.3345
874152850ffffff,0.0,0.5022,4.5182,401.61,103.233,0.0001,0.1425,0.7693,1.0,0.1796,0.1131
87415280affffff,0.0,0.0,5.3394,401.61,107.197,0.0001,0.0001,0.7232,1.0,0.1478,0.0785
87415288dffffff,0.0,0.0,5.3806,401.61,119.38,0.0001,0.0001,0.7209,1.0,0.0501,0.0742
87415018dffffff,0.368,1.2466,1.6775,370.38,24.906,0.0692,0.3536,0.9289,0.4391,0.8075,0.1978
87415055effffff,0.0,0.2592,1.9659,345.94,51.642,0.0001,0.0736,0.9127,0.0001,0.5931,0.0493
874150412ffffff,0.0,0.6556,4.16,383.9,71.367,0.0001,0.186,0.7894,0.6819,0.435,0.1131
874150495ffffff,0.0,0.5776,4.9154,383.9,83.628,0.0001,0.1639,0.747,0.6819,0.3367,0.1034
87415002effffff,0.0,0.0,0.517,370.38,19.48,0.0001,0.0001,0.994,0.4391,0.851,0.0734
874150518ffffff,0.0,0.8253,2.6316,345.94,60.227,0.0001,0.2341,0.8753,0.0001,0.5243,0.0831
8741500b1ffffff,0.737,0.9138,3.2022,345.94,37.982,0.1385,0.2592,0.8432,0.0001,0.7026,0.1866
87415059bffffff,0.1854,1.0426,2.6048,383.9,77.993,0.0349,0.2958,0.8768,0.6819,0.3819,0.1595
87415294dffffff,0.0,0.0,10.5951,383.9,85.285,0.0001,0.0001,0.4281,0.6819,0.3234,0.0628
874152801ffffff,0.0,0.0,3.8319,401.61,105.192,0.0001,0.0001,0.8079,1.0,0.1638,0.0798
874152884ffffff,0.0,0.0,3.165,401.61,122.665,0.0001,0.0001,0.8453,1.0,0.0238,0.074
874150555ffffff,0.0,0.6753,1.8261,370.38,49.301,0.0001,0.1916,0.9205,0.4391,0.6119,0.1068
8741508f3ffffff,0.0,0.0,4.2734,370.38,8.543,0.0001,0.0001,0.7831,0.4391,0.9386,0.0757
874150171ffffff,0.1835,1.7139,2.1831,370.38,8.348,0.0346,0.4861,0.9005,0.4391,0.9402,0.2114
874150025ffffff,0.0,0.0,1.0539,370.38,14.767,0.0001,0.0001,0.9639,0.4391,0.8887,0.0748
8741500a8ffffff,0.0,0.0,4.1699,370.38,34.42,0.0001,0.0001,0.7889,0.4391,0.7312,0.0668
87415010affffff,0.0,1.3059,4.8868,370.38,12.799,0.0001,0.3704,0.7486,0.4391,0.9045,0.1596
874150592ffffff,0.0,0.0,2.1867,383.9,81.876,0.0001,0.0001,0.9003,0.6819,0.3508,0.0673
87415012bffffff,0.7345,1.9643,2.6386,370.38,6.192,0.1381,0.5571,0.8749,0.4391,0.9575,0.2958
8741501aeffffff,0.0,1.1226,4.6773,370.38,23.397,0.0001,0.3184,0.7604,0.4391,0.8196,0.144
874150425ffffff,0.0,0.0,5.6468,345.94,55.604,0.0001,0.0001,0.7059,0.0001,0.5614,0.0294
87415054cffffff,0.0,0.0,1.3215,370.38,43.105,0.0001,0.0001,0.9488,0.4391,0.6616,0.0649
874150400ffffff,0.0,0.0,1.5499,345.94,62.714,0.0001,0.0001,0.936,0.0001,0.5044,0.0286
874150483ffffff,0.0,0.0,10.2476,383.9,81.165,0.0001,0.0001,0.4476,0.6819,0.3565,0.0643
87415001cffffff,0.0,1.7484,2.8121,370.38,27.884,0.0001,0.4959,0.8651,0.4391,0.7836,0.1842
874150589ffffff,0.0,0.9587,2.3646,345.94,69.236,0.0001,0.272,0.8903,0.0001,0.4521,0.0888
874152872ffffff,0.0,0.0,2.9545,383.9,100.952,0.0001,0.0001,0.8571,0.6819,0.1978,0.0603
874150543ffffff,0.0,0.303,3.1903,370.38,46.714,0.0001,0.086,0.8439,0.4391,0.6326,0.0827
8741528f5ffffff,0.0,0.0509,6.0633,401.61,113.159,0.0001,0.0145,0.6826,1.0,0.1,0.0795
87415282cffffff,0.0,0.3716,7.0998,383.9,99.445,0.0001,0.1055,0.6243,0.6819,0.2099,0.0836
874150571ffffff,0.0,0.9389,3.9536,370.38,45.858,0.0001,0.2664,0.801,0.4391,0.6395,0.1244
874150013ffffff,0.184,0.9006,3.3813,370.38,30.069,0.0347,0.2555,0.8332,0.4391,0.7661,0.1501
874150096ffffff,0.0,0.5248,3.5929,345.94,45.243,0.0001,0.1489,0.8213,0.0001,0.6444,0.0683
874150580ffffff,0.0,0.4088,2.1511,383.9,73.075,0.0001,0.116,0.9023,0.6819,0.4213,0.0971
874150434ffffff,0.0,0.847,4.7546,383.9,63.45,0.0001,0.2403,0.756,0.6819,0.4985,0.1282
874150119ffffff,0.0,1.7533,2.6651,370.38,15.19,0.0001,0.4973,0.8734,0.4391,0.8854,0.189
87415019cffffff,0.0,0.6114,4.0569,370.38,31.921,0.0001,0.1735,0.7952,0.4391,0.7512,0.1078
874152869ffffff,0.0,0.0,4.595,383.9,89.845,0.0001,0.0001,0.765,0.6819,0.2869,0.0636
8741528ecffffff,0.0,0.0,6.6719,401.61,106.899,0.0001,0.0001,0.6484,1.0,0.1502,0.0781
8741508d8ffffff,0.0,0.0,1.4206,370.38,1.92,0.0001,0.0001,0.9433,0.4391,0.9917,0.0792
874150471ffffff,0.0,0.0,16.0651,345.94,54.975,0.0001,0.0001,0.1209,0.0001,0.5664,0.0256
874150156ffffff,0.0,0.0,0.9259,370.38,12.752,0.0001,0.0001,0.9711,0.4391,0.9049,0.0756
8741528a0ffffff,0.0,0.0,6.0393,401.61,119.367,0.0001,0.0001,0.6839,1.0,0.0502,0.074
87415042bffffff,0.0,0.0,1.7791,345.94,57.883,0.0001,0.0001,0.9231,0.0001,0.5431,0.0302
874150110ffffff,0.0,0.3432,4.3908,370.38,17.746,0.0001,0.0974,0.7765,0.4391,0.8649,0.095
8741504aeffffff,0.0,0.5103,3.799,383.9,75.001,0.0001,0.1448,0.8097,0.6819,0.4059,0.1025
874152860ffffff,0.1857,0.6808,5.0994,383.9,92.281,0.035,0.1932,0.7367,0.6819,0.2673,0.1298
874150193ffffff,0.0,0.9398,4.7055,370.38,35.667,0.0001,0.2666,0.7588,0.4391,0.7212,0.1277
874150004ffffff,0.0,0.0,0.579,370.38,21.274,0.0001,0.0001,0.9905,0.4391,0.8366,0.0728
8741528e3ffffff,0.1862,0.749,3.7235,401.61,110.579,0.0351,0.2125,0.814,1.0,0.1207,0.1498
87415281affffff,0.0,0.0,3.7337,401.61,113.46,0.0001,0.0001,0.8134,1.0,0.0976,0.077
874150001ffffff,0.0,0.0,0.7237,370.38,23.81,0.0001,0.0001,0.9824,0.4391,0.8163,0.0718
87415289dffffff,0.0,0.0,1.3168,401.61,125.618,0.0001,0.0001,0.9491,1.0,0.0001,0.0737
874150889ffffff,0.1836,0.0,4.2734,370.38,9.685,0.0346,0.0001,0.7831,0.4391,0.9295,0.0978
874150084ffffff,0.0,0.0,4.5849,345.94,37.385,0.0001,0.0001,0.7656,0.0001,0.7074,0.0362
87415056effffff,0.0,0.1653,2.0204,370.38,40.584,0.0001,0.047,0.9096,0.4391,0.6818,0.0763
874150422ffffff,0.0,0.0,2.2761,345.94,60.487,0.0001,0.0001,0.8952,0.0001,0.5222,0.0291
8741504a5ffffff,1.1116,0.4818,2.9027,383.9,72.709,0.2089,0.1367,0.86,0.6819,0.4242,0.2378
874150150ffffff,0.0,0.0,4.2734,370.38,13.44,0.0001,0.0001,0.7831,0.4391,0.8994,0.074
87415281dffffff,0.0,0.0,6.551,401.61,108.599,0.0001,0.0001,0.6552,1.0,0.1365,0.0775
87415018affffff,1.2889,2.7693,1.3023,345.94,29.802,0.2422,0.7854,0.9499,0.0001,0.7682,0.3794
8741508c6ffffff,0.0,0.0,4.2734,370.38,7.479,0.0001,0.0001,0.7831,0.4391,0.9472,0.0761
8741505abffffff,0.0,0.4533,2.3282,383.9,67.426,0.0001,0.1286,0.8923,0.6819,0.4666,0.102
87415295dffffff,0.0,0.0,7.7522,383.9,91.601,0.0001,0.0001,0.5877,0.6819,0.2728,0.0617
874150144ffffff,0.0,1.2669,2.7254,370.38,10.246,0.0001,0.3594,0.87,0.4391,0.925,0.1588
874152811ffffff,0.0,0.8705,4.1785,401.61,111.512,0.0001,0.247,0.7884,1.0,0.1132,0.1345
874150565ffffff,0.0,0.0,10.699,370.38,38.58,0.0001,0.0001,0.4222,0.4391,0.6978,0.0627
87415049cffffff,0.0,0.0,18.2157,383.9,83.622,0.0001,0.0001,0.0001,0.6819,0.3368,0.0604
874152969ffffff,0.0,0.0,3.5014,383.9,81.909,0.0001,0.0001,0.8264,0.6819,0.3505,0.0667
874150181ffffff,0.5524,1.5295,3.7965,370.38,26.987,0.1039,0.4338,0.8099,0.4391,0.7908,0.2374
87415284effffff,0.0,0.5241,3.4248,401.61,97.209,0.0001,0.1487,0.8307,1.0,0.2278,0.1171
874150035ffffff,0.0,1.0725,0.8449,370.38,19.42,0.0001,0.3042,0.9756,0.4391,0.8514,0.1436
8741505a2ffffff,0.0,0.0,11.1602,383.9,71.823,0.0001,0.0001,0.3963,0.6819,0.4314,0.0672
874152808ffffff,0.0,0.0,3.5721,401.61,104.761,0.0001,0.0001,0.8225,1.0,0.1673,0.08
87415288bffffff,0.0,0.535,5.1533,401.61,122.922,0.0001,0.1518,0.7337,1.0,0.0217,0.1082
87415055cffffff,0.0,0.7357,3.0948,345.94,49.178,0.0001,0.2087,0.8493,0.0001,0.6129,0.0809
8741508d2ffffff,1.2853,0.8046,0.8197,370.38,5.677,0.2415,0.2283,0.977,0.4391,0.9616,0.2881
874150410ffffff,0.0,0.0,4.3595,345.94,68.915,0.0001,0.0001,0.7782,0.0001,0.4547,0.0253
874150493ffffff,0.0,0.7743,12.6252,383.9,87.278,0.0001,0.2197,0.3141,0.6819,0.3075,0.112
874152845ffffff,0.0,0.8008,4.5737,383.9,94.64,0.0001,0.2272,0.7662,0.6819,0.2484,0.1144
87415002cffffff,0.0,0.0,0.4106,370.38,17.639,0.0001,0.0001,1.0,0.4391,0.8657,0.0741
874150599ffffff,0.0,0.1011,2.118,383.9,75.565,0.0001,0.0288,0.9041,0.6819,0.4014,0.0761
87415294bffffff,0.0,0.3761,11.0602,383.9,88.746,0.0001,0.1068,0.4019,0.6819,0.2957,0.086
874150553ffffff,0.0,0.4731,2.6788,345.94,52.879,0.0001,0.1343,0.8726,0.0001,0.5832,0.0626
8741528e6ffffff,0.0,0.0,6.4876,401.61,110.718,0.0001,0.0001,0.6587,1.0,0.1195,0.0768
874150023ffffff,0.0,0.0,0.5766,370.38,19.139,0.0001,0.0001,0.9907,0.4391,0.8537,0.0735
87415050dffffff,0.0,0.0,6.8269,370.38,51.409,0.0001,0.0001,0.6397,0.4391,0.595,0.0598
8741500a6ffffff,0.0,1.1749,2.6322,345.94,33.857,0.0001,0.3333,0.8752,0.0001,0.7357,0.1152
874150590ffffff,0.0,0.0,1.2161,383.9,79.501,0.0001,0.0001,0.9548,0.6819,0.3698,0.0685
874150129ffffff,2.9371,0.5454,1.8948,370.38,3.815,0.5518,0.1548,0.9167,0.4391,0.9765,0.4735
8741501acffffff,0.0,0.3963,4.5288,370.38,20.951,0.0001,0.1125,0.7687,0.4391,0.8392,0.0973
87415054affffff,0.0,0.0,1.2675,345.94,46.99,0.0001,0.0001,0.9519,0.0001,0.6304,0.0342
874150481ffffff,0.0,0.7463,4.149,383.9,78.707,0.0001,0.2117,0.7901,0.6819,0.3762,0.1165
874150166ffffff,0.0,0.0,2.7134,370.38,5.875,0.0001,0.0001,0.8707,0.4391,0.96,0.0773
874152833ffffff,0.0,0.0,2.7753,401.61,109.767,0.0001,0.0001,0.8672,1.0,0.1272,0.0786
874150120ffffff,0.1837,0.0,2.0142,370.38,9.426,0.0346,0.0001,0.9099,0.4391,0.9316,0.0988
874152870ffffff,0.0,0.4351,3.8312,383.9,98.51,0.0001,0.1235,0.8079,0.6819,0.2174,0.0894
8741501a3ffffff,0.0,0.9139,3.1224,370.38,24.918,0.0001,0.2593,0.8477,0.4391,0.8074,0.1304
874150541ffffff,0.0,0.6798,2.4909,345.94,44.25,0.0001,0.1929,0.8832,0.0001,0.6524,0.0792
8741528f3ffffff,0.0,0.4377,6.3939,401.61,116.739,0.0001,0.1242,0.664,1.0,0.0713,0.1034
874152863ffffff,0.0,0.8326,5.1012,383.9,93.433,0.0001,0.2362,0.7366,0.6819,0.2581,0.1167
87415015dffffff,0.0,1.4871,3.3759,370.38,17.585,0.0001,0.4218,0.8335,0.4391,0.8662,0.1704
87415282affffff,0.0,0.0,9.8894,401.61,102.77,0.0001,0.0001,0.4677,1.0,0.1833,0.0782
874150011ffffff,0.7356,3.2445,1.1302,370.38,27.836,0.1383,0.9202,0.9596,0.4391,0.784,0.3729
8741504b1ffffff,0.0,0.9328,3.4373,383.9,80.048,0.0001,0.2646,0.83,0.6819,0.3654,0.1286
8741528adffffff,0.0,0.0,4.3672,401.61,114.886,0.0001,0.0001,0.7778,1.0,0.0861,0.0762
874150094ffffff,0.0,0.0,2.0058,345.94,42.818,0.0001,0.0001,0.9104,0.0001,0.6639,0.0353
874150432ffffff,0.0,0.9313,1.5609,345.94,66.802,0.0001,0.2642,0.9354,0.0001,0.4716,0.0882
8741504b5ffffff,0.0,1.483,7.7595,383.9,78.986,0.0001,0.4206,0.5873,0.6819,0.3739,0.1633
87415019affffff,0.0,0.0,1.774,370.38,35.71,0.0001,0.0001,0.9234,0.4391,0.7209,0.0673
8741508d6ffffff,2.5707,0.0,4.2734,370.38,7.513,0.483,0.0001,0.7831,0.4391,0.9469,0.3907
87415296dffffff,0.0,0.9323,3.9719,383.9,81.034,0.0001,0.2645,0.8,0.6819,0.3575,0.128
874150154ffffff,0.0,0.0,1.842,370.38,10.928,0.0001,0.0001,0.9196,0.4391,0.9195,0.0759
874150429ffffff,0.0,0.0,1.9092,345.94,55.421,0.0001,0.0001,0.9158,0.0001,0.5628,0.031
87415010effffff,0.0,0.5648,6.7512,370.38,11.072,0.0001,0.1603,0.6439,0.4391,0.9184,0.1109
8741504acffffff,0.0,0.0,3.388,345.94,72.544,0.0001,0.0001,0.8328,0.0001,0.4256,0.0244
874150113ffffff,0.0,0.0,4.6089,370.38,18.511,0.0001,0.0001,0.7642,0.4391,0.8587,0.0721
874150191ffffff,0.0,2.8243,3.6026,370.38,33.21,0.0001,0.801,0.8207,0.4391,0.7409,0.2525
87415285effffff,0.0,0.0533,5.9997,401.61,103.259,0.0001,0.0152,0.6861,1.0,0.1793,0.0831
8741528e1ffffff,0.0,1.6365,6.5713,401.61,108.131,0.0001,0.4642,0.654,1.0,0.1403,0.185
87415042effffff,0.0,0.0,0.9064,345.94,57.797,0.0001,0.0001,0.9722,0.0001,0.5438,0.0305
874150466ffffff,0.0,0.0405,4.7279,345.94,50.953,0.0001,0.0116,0.7575,0.0001,0.5987,0.0341
874152818ffffff,0.0,0.9377,4.2247,401.61,111.029,0.0001,0.266,0.7858,1.0,0.1171,0.1391
874150082ffffff,0.0,0.0,10.7655,345.94,41.63,0.0001,0.0001,0.4185,0.0001,0.6734,0.0323
87415056cffffff,0.0,0.8244,2.4591,370.38,38.125,0.0001,0.2339,0.885,0.4391,0.7015,0.1202
874150420ffffff,0.0,0.0,4.1387,345.94,58.045,0.0001,0.0001,0.7906,0.0001,0.5418,0.0292
874150105ffffff,1.2861,1.4859,3.0318,370.38,8.914,0.2417,0.4215,0.8528,0.4391,0.9357,0.3309
8741504a3ffffff,0.0,0.6904,4.6883,383.9,76.272,0.0001,0.1959,0.7598,0.6819,0.3957,0.1135
874150188ffffff,2.393,2.8769,1.335,370.38,27.352,0.4496,0.8159,0.9481,0.4391,0.7879,0.5517
874152855ffffff,0.0,0.4561,3.9869,401.61,100.783,0.0001,0.1294,0.7992,1.0,0.1992,0.1112
8741505a9ffffff,0.0,0.4574,2.618,383.9,65.023,0.0001,0.1298,0.876,0.6819,0.4859,0.103
87415295bffffff,0.0,0.0,7.3246,383.9,95.019,0.0001,0.0001,0.6117,0.6819,0.2454,0.0607
874150090ffffff,0.5531,0.922,5.7437,345.94,44.552,0.104,0.2616,0.7005,0.0001,0.65,0.1614
874150142ffffff,0.0,0.0,3.8408,370.38,13.393,0.0001,0.0001,0.8074,0.4391,0.8998,0.0742
874150563ffffff,0.0,1.2211,3.9548,370.38,41.957,0.0001,0.3464,0.801,0.4391,0.6708,0.1443
87415049affffff,0.0,1.1484,6.9092,383.9,87.389,0.0001,0.3258,0.6351,0.6819,0.3066,0.1388
87415284cffffff,0.0,0.0,6.8693,383.9,94.755,0.0001,0.0001,0.6373,0.6819,0.2475,0.0609
874150033ffffff,0.0,3.0631,0.7345,370.38,23.702,0.0001,0.8687,0.9818,0.4391,0.8171,0.2726
87415051dffffff,0.0,0.0,7.3611,345.94,57.836,0.0001,0.0001,0.6097,0.0001,0.5435,0.028
8741500b6ffffff,0.0,0.0,1.3509,370.38,39.618,0.0001,0.0001,0.9472,0.4391,0.6895,0.0661
8741505a0ffffff,0.0,0.0,11.6318,383.9,69.496,0.0001,0.0001,0.3698,0.6819,0.45,0.0679
874152806ffffff,0.0,0.0,3.4207,401.61,108.207,0.0001,0.0001,0.831,1.0,0.1397,0.0789
8741528a9ffffff,0.0,0.0,2.6392,401.61,115.891,0.0001,0.0001,0.8748,1.0,0.0781,0.0765
874152889ffffff,0.0,0.1003,5.6782,401.61,120.482,0.0001,0.0285,0.7042,1.0,0.0413,0.0803
87415055affffff,0.0,0.4727,1.2624,345.94,52.959,0.0001,0.1341,0.9522,0.0001,0.5826,0.0631
87415040effffff,0.0,0.0,5.6553,345.94,62.805,0.0001,0.0001,0.7055,0.0001,0.5036,0.0269
874150491ffffff,0.0,0.0,10.4232,383.9,84.824,0.0001,0.0001,0.4377,0.6819,0.3271,0.063
874150176ffffff,0.0,1.4829,3.4097,370.38,6.031,0.0001,0.4206,0.8316,0.4391,0.9588,0.1742
874152843ffffff,0.0,1.3429,3.305,401.61,98.353,0.0001,0.3809,0.8375,1.0,0.2187,0.1704
87415002affffff,0.0,0.0,0.6406,370.38,21.906,0.0001,0.0001,0.9871,0.4391,0.8315,0.0725
8741528c6ffffff,0.0,0.5445,6.4362,401.61,115.474,0.0001,0.1545,0.6616,1.0,0.0814,0.1109
8741500adffffff,0.0,0.0,4.2135,370.38,32.2,0.0001,0.0001,0.7864,0.4391,0.749,0.0675
874152949ffffff,0.0,1.774,5.4917,383.9,86.305,0.0001,0.5032,0.7147,0.6819,0.3153,0.1807
874152880ffffff,0.1866,0.0,2.1526,401.61,123.604,0.0351,0.0001,0.9022,1.0,0.0162,0.0969
874150551ffffff,0.0,0.0,4.492,345.94,50.42,0.0001,0.0001,0.7708,0.0001,0.6029,0.0317
874150405ffffff,0.1849,0.0,1.5606,345.94,60.255,0.0348,0.0001,0.9354,0.0001,0.5241,0.0521
874150021ffffff,0.0,0.0,0.8487,370.38,17.094,0.0001,0.0001,0.9754,0.4391,0.8701,0.0741
87415050bffffff,0.0,1.9071,4.3823,345.94,54.654,0.0001,0.5409,0.777,0.0001,0.569,0.1553
8741500a4ffffff,1.2889,2.5756,1.3715,345.94,31.428,0.2422,0.7305,0.946,0.0001,0.7552,0.3661
87415058effffff,0.3707,0.0,1.6995,383.9,72.244,0.0697,0.0001,0.9276,0.6819,0.428,0.1162
874152940ffffff,0.0,0.0,15.2038,383.9,89.819,0.0001,0.0001,0.1692,0.6819,0.2871,0.0594
8741501aaffffff,2.0248,0.8873,4.1365,370.38,24.52,0.3804,0.2517,0.7908,0.4391,0.8106,0.3762
874150474ffffff,0.0,0.0,5.4813,345.94,54.364,0.0001,0.0001,0.7152,0.0001,0.5713,0.0299
874150548ffffff,0.0,0.0,1.1139,370.38,44.532,0.0001,0.0001,0.9605,0.4391,0.6501,0.0645
874150164ffffff,0.0,0.0,2.9537,370.38,6.836,0.0001,0.0001,0.8572,0.4391,0.9523,0.0769
874150018ffffff,0.0,0.9563,6.2734,370.38,30.173,0.0001,0.2713,0.6708,0.4391,0.7652,0.1301
874150585ffffff,0.0,0.0,2.2836,383.9,70.699,0.0001,0.0001,0.8948,0.6819,0.4404,0.0711
87415011effffff,0.0,0.0,5.306,370.38,17.117,0.0001,0.0001,0.7251,0.4391,0.8699,0.0723
87415286effffff,0.0,0.0,5.2637,383.9,92.186,0.0001,0.0001,0.7275,0.6819,0.2681,0.0625
8741501a1ffffff,0.0,3.0813,3.0774,370.38,22.511,0.0001,0.8739,0.8502,0.4391,0.8267,0.2733
8741528f1ffffff,0.0,0.5321,4.9325,401.61,114.294,0.0001,0.151,0.7461,1.0,0.0909,0.1111
8741508ddffffff,0.0,0.0,1.9965,370.38,4.077,0.0001,0.0001,0.9109,0.4391,0.9744,0.0782
874150476ffffff,0.0,0.0,5.0847,345.94,56.822,0.0001,0.0001,0.7375,0.0001,0.5516,0.0292
874152828ffffff,0.0,0.0,9.8778,383.9,100.349,0.0001,0.0001,0.4683,0.6819,0.2027,0.0578
8741528abffffff,0.0,0.0,6.0543,401.61,118.323,0.0001,0.0001,0.6831,1.0,0.0586,0.0743
874150092ffffff,0.0,1.0087,5.7295,345.94,46.957,0.0001,0.2861,0.7013,0.0001,0.6307,0.0985
8741508dbffffff,0.0,0.0,2.4327,370.38,3.542,0.0001,0.0001,0.8864,0.4391,0.9787,0.0782
874150430ffffff,0.0,0.714,2.7935,345.94,64.368,0.0001,0.2026,0.8662,0.0001,0.4911,0.0743
874150115ffffff,0.1839,0.262,4.3915,370.38,15.404,0.0346,0.0744,0.7764,0.4391,0.8836,0.113
8741504b3ffffff,0.0,1.9994,6.0124,383.9,82.494,0.0001,0.5671,0.6854,0.6819,0.3458,0.1966
874152865ffffff,0.0,1.1049,9.3637,383.9,89.835,0.0001,0.3134,0.4972,0.6819,0.287,0.1341
874150198ffffff,0.0,0.5928,1.7825,370.38,33.245,0.0001,0.1682,0.923,0.4391,0.7406,0.107
8741508d4ffffff,2.0192,0.5032,4.2734,370.38,7.655,0.3794,0.1428,0.7831,0.4391,0.9458,0.3561
87415296bffffff,0.0,0.0,4.3438,383.9,84.33,0.0001,0.0001,0.7791,0.6819,0.3311,0.0656
874150152ffffff,0.0,0.0,4.2734,370.38,15.176,0.0001,0.0001,0.7831,0.4391,0.8855,0.0734
874150006ffffff,0.0,0.0,0.7352,370.38,23.475,0.0001,0.0001,0.9818,0.4391,0.8189,0.0719
8741528a2ffffff,0.0,0.0,6.8417,401.61,121.771,0.0001,0.0001,0.6388,1.0,0.0309,0.0728
874150573ffffff,0.0,2.4817,2.1334,370.38,48.291,0.0001,0.7039,0.9033,0.4391,0.62,0.2254
87415010cffffff,0.0,0.9261,4.1941,370.38,8.623,0.0001,0.2627,0.7875,0.4391,0.938,0.1364
87415285cffffff,0.0,0.5476,4.7653,401.61,100.806,0.0001,0.1554,0.7554,1.0,0.199,0.1168
8741508cbffffff,0.0,0.0,2.721,370.38,8.439,0.0001,0.0001,0.8703,0.4391,0.9395,0.0764
874150464ffffff,0.0,1.2409,2.5256,345.94,48.505,0.0001,0.352,0.8812,0.0001,0.6183,0.1145
874152816ffffff,0.0,1.4417,4.827,401.61,114.564,0.0001,0.4089,0.752,1.0,0.0887,0.1706
874150080ffffff,0.0,0.0,5.9828,370.38,39.281,0.0001,0.0001,0.6871,0.4391,0.6922,0.0644
87415056affffff,0.1845,0.9677,2.1459,370.38,41.785,0.0348,0.2745,0.9025,0.4391,0.6722,0.151
87415041effffff,0.0,0.0,3.5098,345.94,68.872,0.0001,0.0001,0.826,0.0001,0.455,0.0257
874150103ffffff,0.0,0.0,4.8235,370.38,12.183,0.0001,0.0001,0.7522,0.4391,0.9095,0.0743
8741504a1ffffff,0.0,0.4518,2.5969,383.9,73.82,0.0001,0.1282,0.8772,0.6819,0.4153,0.0995
874150186ffffff,0.0,1.5144,2.6563,370.38,29.762,0.0001,0.4296,0.8739,0.4391,0.7685,0.1682
874152853ffffff,0.0,0.0,5.1022,401.61,104.448,0.0001,0.0001,0.7365,1.0,0.1698,0.0796
87415286cffffff,0.0,0.4613,3.5563,383.9,89.732,0.0001,0.1309,0.8233,0.6819,0.2878,0.0942
8741528d6ffffff,0.0,1.0958,5.7338,401.61,121.627,0.0001,0.3108,0.7011,1.0,0.0321,0.1451
8741508c2ffffff,0.0,0.0,4.2734,370.38,5.038,0.0001,0.0001,0.7831,0.4391,0.9667,0.077
874152959ffffff,0.0,0.0,10.4626,383.9,92.585,0.0001,0.0001,0.4355,0.6819,0.2649,0.0603
87415280dffffff,0.0,0.0,3.3478,401.61,102.325,0.0001,0.0001,0.8351,1.0,0.1868,0.081
874150140ffffff,0.0,1.9947,4.1927,370.38,12.646,0.0001,0.5658,0.7876,0.4391,0.9057,0.2051
874150561ffffff,0.0,0.5002,4.8705,370.38,39.512,0.0001,0.1419,0.7495,0.4391,0.6904,0.0975
874150415ffffff,0.0,0.0,1.7857,345.94,66.462,0.0001,0.0001,0.9228,0.0001,0.4743,0.0272
874150498ffffff,0.0,0.3963,9.9622,383.9,84.933,0.0001,0.1125,0.4636,0.6819,0.3263,0.0891
874150031ffffff,0.0,0.7416,0.6281,370.38,21.391,0.0001,0.2104,0.9878,0.4391,0.8356,0.1213
87415051bffffff,0.0,0.9216,3.8802,383.9,61.034,0.0001,0.2614,0.8052,0.6819,0.5178,0.1343
8741500b4ffffff,0.0,0.0,3.636,370.38,37.162,0.0001,0.0001,0.8189,0.4391,0.7092,0.066
87415059effffff,0.0,0.0,1.3058,383.9,78.628,0.0001,0.0001,0.9497,0.6819,0.3768,0.0688
874150558ffffff,0.0,0.7028,1.3623,345.94,50.496,0.0001,0.1994,0.9466,0.0001,0.6023,0.079
87415040cffffff,0.0,0.2933,3.836,345.94,60.344,0.0001,0.0833,0.8076,0.0001,0.5234,0.0477
874150174ffffff,0.734,0.0,1.9671,370.38,4.283,0.138,0.0001,0.9126,0.4391,0.9728,0.168
87415011cffffff,0.0,0.9659,6.319,370.38,14.649,0.0001,0.274,0.6682,0.4391,0.8897,0.1361
874152841ffffff,0.0,0.3816,5.8772,401.61,95.899,0.0001,0.1083,0.693,1.0,0.2383,0.1072
874150028ffffff,0.0,0.0,0.6014,370.38,20.127,0.0001,0.0001,0.9893,0.4391,0.8458,0.0732
874150512ffffff,0.0,0.0,8.5054,383.9,65.369,0.0001,0.0001,0.5454,0.6819,0.4831,0.0705
8741528c4ffffff,0.0,0.5502,5.2475,401.61,113.027,0.0001,0.1561,0.7284,1.0,0.101,0.1126
874150595ffffff,0.0,0.8857,1.4583,383.9,77.131,0.0001,0.2513,0.9412,0.6819,0.3888,0.1273
87415012effffff,1.6531,1.7583,2.0274,370.38,6.647,0.3106,0.4987,0.9092,0.4391,0.9538,0.3948
874150403ffffff,0.0,0.3807,4.6483,345.94,63.952,0.0001,0.1081,0.762,0.0001,0.4945,0.0519
874150486ffffff,0.0,0.484,6.7904,383.9,81.176,0.0001,0.1374,0.6417,0.6819,0.3564,0.0974
874150509ffffff,0.0,1.5428,5.8034,370.38,52.232,0.0001,0.4376,0.6972,0.4391,0.5884,0.161
8741500a2ffffff,0.3684,0.9473,3.2378,345.94,35.573,0.0693,0.2687,0.8412,0.0001,0.722,0.1445
87415058cffffff,0.0,0.1816,2.7971,383.9,69.834,0.0001,0.0516,0.866,0.6819,0.4473,0.0831
874150125ffffff,0.0,0.9403,1.8016,370.38,8.157,0.0001,0.2667,0.9219,0.4391,0.9417,0.1385
874152875ffffff,0.0,0.0,8.5217,383.9,96.069,0.0001,0.0001,0.5445,0.6819,0.237,0.0598
874150583ffffff,0.0,0.6794,1.3955,383.9,73.826,0.0001,0.1928,0.9447,0.6819,0.4153,0.1149
8741501a8ffffff,0.0,1.502,4.9723,370.38,22.052,0.0001,0.426,0.7438,0.4391,0.8303,0.1692
874150546ffffff,0.1846,2.1712,1.1195,370.38,46.852,0.0348,0.6158,0.9602,0.4391,0.6315,0.2285
874150162ffffff,0.0,0.0,2.9358,370.38,7.948,0.0001,0.0001,0.8582,0.4391,0.9434,0.0765
874150016ffffff,0.184,1.045,1.1139,370.38,28.403,0.0347,0.2964,0.9605,0.4391,0.7794,0.1611
